,iter_id,PEHE_DCN_PD,ATE_Metric_DCN_PD,true_ATE_DCN_PD,predicted_DCN_PD,PEHE_DCN_PD_02,ATE_Metric_DCN_PD_02,true_ATE_DCN_PD_02,predicted_DCN_PD_02,PEHE_DCN_PD_05,ATE_Metric_DCN_PD_05,true_ATE_DCN_PD_05,predicted_DCN_PD_05,PEHE_DCN_PM_GAN,ATE_Metric_DCN_PM_GAN,true_ATE_DCN_PM_GAN,predicted_DCN_PM_GAN,PEHE_DCN_PM_GAN_02,ATE_Metric_DCN_PM_GAN_02,true_ATE_DCN_PM_GAN_02,predicted_DCN_PM_GAN_02,PEHE_DCN_PM_GAN_05,ATE_Metric_DCN_PM_GAN_05,true_ATE_DCN_PM_GAN_05,predicted_DCN_PM_GAN_05,PEHE_DCN_PM_GAN_PD,ATE_Metric_DCN_PM_GAN_PD,true_ATE_DCN_PM_GAN_PD,predicted_DCN_PM_GAN_PD
0,1,1.8676959590277753,0.5284751419034928,4.032698997240003,3.5042238354682924,1.5124418249198246,0.24471005755735709,4.032698997240003,3.7879889392852784,2.193264038346953,0.3322921593792567,4.032698997240003,3.700406839847565,1.2810473412449055,0.3794991473165479,4.032698997240003,3.653199858665466,1.4365836997362484,0.40671671110464436,4.032698997240003,3.625982297261556,1.860939542150717,0.7179588609742451,4.032698997240003,3.3147401376565298,1.7738260931560068,0.5431701391743946,4.032698997240003,3.489528860251109
1,2,1.7650921855628228,0.3759200942324923,4.032698997240003,3.656778909365336,1.4935780404530745,0.31020932076447494,4.032698997240003,3.7224896732966104,2.2119803546420287,0.9695987355517675,4.032698997240003,3.0631002728144328,1.2295028981182694,0.3028060304927158,4.032698997240003,3.729892953236898,1.552993620893275,0.36440249321930906,4.032698997240003,3.668296500047048,2.092961525864374,0.7949292357571252,4.032698997240003,3.2377697825431824,1.6095509034711006,0.6302146072991022,4.032698997240003,3.4024843907356264
2,3,1.7314184589637913,0.25982781408303257,4.032698997240003,3.77287118434906,1.572052379042243,0.30510470865242967,4.032698997240003,3.7275942881902058,1.9018753221938456,0.645183704873654,4.032698997240003,3.3875152897834777,1.2544571115976832,0.25547984518680256,4.032698997240003,3.777219142913818,1.475319276198818,0.30514919557246856,4.032698997240003,3.7275498064359027,2.0932394651395647,0.5765988590128548,4.032698997240003,3.4561001372337343,1.8565484588636245,1.0704743032462725,4.032698997240003,2.9622247036298117
3,4,1.8944464967161745,0.03622785606059731,4.032698997240003,3.99647114276886,1.4118727911324185,0.37400443432801245,4.032698997240003,3.6586945406595865,2.2204158578851034,0.6302276654846795,4.032698997240003,3.402471322218577,1.2016221071463298,0.22778702932669015,4.032698997240003,3.804911964734395,1.435081836240898,0.3228231084155371,4.032698997240003,3.709875886440277,1.863822790577684,0.36810985205643654,4.032698997240003,3.6645891427993775,1.9507599238220472,1.1046300077246953,4.032698997240003,2.9280689851442974
4,5,1.6781943821317917,0.08189339798616047,4.032698997240003,4.114592390855154,1.3720187342906733,0.3264832142797438,4.032698997240003,3.7062157948811847,1.9355773956529663,0.5248653606382336,4.032698997240003,3.5078336318333943,1.2507462047893816,0.20634223975810695,4.032698997240003,3.8263567543029784,1.4922646697049613,0.09860485988928147,4.032698997240003,3.9340941500663758,2.02704353465377,0.5417128185239761,4.032698997240003,3.490986181894938,1.7159692078407878,0.06279095115191424,4.032698997240003,4.095489938259124
5,6,1.781329835678996,0.11286512472304988,4.032698997240003,3.9198338691393535,1.4453091592708895,0.33619775770180693,4.032698997240003,3.6965012327829996,2.158536342545702,0.5859884808269471,4.032698997240003,3.4467105158170064,1.2240321792691802,0.08119720417333909,4.032698997240003,3.9515017890930175,1.3855916497941372,0.04588118630720439,4.032698997240003,3.9868178017934164,1.9183798072099785,0.2383968674945165,4.032698997240003,3.794302123387655,1.7057404981216622,0.8914821688142744,4.032698997240003,3.1412168256441753
6,7,1.7763579302879817,0.5595457531817085,4.032698997240003,3.4731532462437946,1.4088607532824495,0.4188909884102472,4.032698997240003,3.613808005650838,2.0700761178249953,0.5790156306631693,4.032698997240003,3.4536833580334982,1.2351789489620117,0.2650673138903903,4.032698997240003,3.7676316849390665,1.434017092065672,0.42696486630115205,4.032698997240003,3.605734124183655,2.0029784895979006,0.9443675374793341,4.032698997240003,3.08833145459493,1.4952381383838573,0.2658478704896896,4.032698997240003,3.766851147810618
7,8,1.7280142675385377,0.2503412624008785,4.032698997240003,3.7823577268918354,1.4342618893178998,0.1866891054120985,4.032698997240003,3.846009880701701,2.013349415481777,0.8631751153675049,4.032698997240003,3.169523870944977,1.1878689761684513,0.2714397211678157,4.032698997240003,3.761259266535441,1.470680690092948,0.40488367197983743,4.032698997240003,3.6278153228759766,2.0386630898034332,0.8409189293590513,4.032698997240003,3.191780070463816,1.882495058291554,0.802023140570256,4.032698997240003,3.230675847530365
8,9,1.6303812581277837,0.01790066915823285,4.032698997240003,4.014798330465952,1.5964446763736007,0.34183591125481616,4.032698997240003,3.690863086382548,1.9360612185890371,0.10522921043707223,4.032698997240003,3.927469791571299,1.2320534018660905,0.1907874619769383,4.032698997240003,3.84191153049469,1.4835852484629561,0.22535818217270842,4.032698997240003,3.807340825398763,2.2286626255474924,0.8440179383563327,4.032698997240003,3.1886810636520386,1.783225314672824,0.16550341485016817,4.032698997240003,3.8671955919265746
9,10,1.7196549840586597,0.4862744529850609,4.032698997240003,3.5464245279630027,1.4433084901795412,0.22012581942551623,4.032698997240003,3.8125731682777406,2.085532767593376,0.7872341724045406,4.032698997240003,3.245464824040731,1.1620366759293095,0.19143450377457638,4.032698997240003,3.841264508565267,1.4931927644836813,0.32289922076536515,4.032698997240003,3.7097997951507566,1.749378955038795,0.5856912581927904,4.032698997240003,3.4470077510674795,1.7584532585520667,0.39598359622630763,4.032698997240003,3.6367154002189634
10,11,1.6837471985868444,0.21226919331226046,4.032698997240003,3.8204298051198324,1.527760883385506,0.28011519310944566,4.032698997240003,3.752583785057068,2.070148234115253,0.601133385082814,4.032698997240003,3.431565608183543,1.2714196574686925,0.2026876417604413,4.032698997240003,3.830011355082194,1.3695279863393228,0.18735411801013635,4.032698997240003,3.8453448891639708,2.0186831372459304,0.8358564277298579,4.032698997240003,3.1968425710995994,1.7103345060919848,0.7487311986890761,4.032698997240003,3.283967793782552
11,12,1.6754770170658357,0.1587755680275631,4.032698997240003,4.19147455851237,1.4218960871535609,0.31079956410401355,4.032698997240003,3.7218994585673015,2.068195460433259,0.5658684690601952,4.032698997240003,3.466830523808797,1.1352022139254083,0.056205287396180026,4.032698997240003,4.088904271125793,1.4178477210783502,0.04763154266350744,4.032698997240003,3.985067450205485,1.8821964972277276,0.24166736640605624,4.032698997240003,3.7910316371917725,1.925372006256069,0.7364781105326941,4.032698997240003,3.2962208851178487
12,13,1.768358704448704,0.10179439626064646,4.032698997240003,4.134493375619252,1.5085250902531984,0.21750203011506075,4.032698997240003,3.8151969703038535,1.9914069795771085,0.5662418742783197,4.032698997240003,3.466457123756409,1.2882400689294833,0.353551179946197,4.032698997240003,3.6791477966308594,1.5117769155086325,0.5646268439101507,4.032698997240003,3.468072142601013,2.1063199311635126,1.270233633896443,4.032698997240003,2.7624653593699136,1.9203419105101285,1.007009252290659,4.032698997240003,3.025689740975698
13,14,1.614898869811672,0.1467330630811725,4.032698997240003,4.1794320472081505,1.5383386990210424,0.4383216380881594,4.032698997240003,3.594377360343933,2.0641698722929114,0.4938517224597265,4.032698997240003,3.538847270011902,1.2272955854643413,0.2816606946594842,4.032698997240003,3.7510383129119873,1.516932509472435,0.3614434182452486,4.032698997240003,3.6712555853525797,1.8889522470733027,0.41708892105095874,4.032698997240003,3.615610078970591,1.6975790554471595,0.5953211470253597,4.032698997240003,3.437377854983012
14,15,1.8567825265205877,0.5150303211006193,4.032698997240003,4.547729313373566,1.4399826803553053,0.36189287223491373,4.032698997240003,3.6708061440785724,1.9040099485884532,0.49207414347006173,4.032698997240003,3.540624839464823,1.2671510973125775,0.38223229128195113,4.032698997240003,3.6504667075475057,1.5406518927064787,0.29597853897088067,4.032698997240003,3.736720453898112,1.9786075479637486,0.696106255432698,4.032698997240003,3.3365927298863727,2.1701701522166124,1.6982897182114254,4.032698997240003,2.3344092750549317
15,16,1.8589348059876307,0.2595023508675225,4.032698997240003,3.7731966304779054,1.5025786517382456,0.3197993878332106,4.032698997240003,3.712899619738261,2.0032045833399033,0.365860475878649,4.032698997240003,3.666838517189026,1.2420265403783015,0.4103596023527114,4.032698997240003,3.622339391708374,1.5503933870874744,0.39238712706241285,4.032698997240003,3.6403118721644083,1.8582201879269375,0.6617936197725265,4.032698997240003,3.3709053794542947,1.8482112041238667,0.569146329542729,4.032698997240003,3.4635526768366494
16,17,1.7886096709296109,0.19078068929983472,4.032698997240003,3.841918323834737,1.5144619133653514,0.27433963058465016,4.032698997240003,3.758359367052714,2.300415355990917,0.7010084648735653,4.032698997240003,3.331690528392792,1.2377310524711473,0.13507132846189807,4.032698997240003,3.897627674738566,1.5692733777137284,0.4624466574000645,4.032698997240003,3.5702523358662925,1.9409884626334293,0.7777390261299737,4.032698997240003,3.2549599544207255,1.7821863929431818,0.6384907483863165,4.032698997240003,3.394208238919576
17,18,1.7731997424054047,0.10319991491165492,4.032698997240003,4.135898926258087,1.3850640631001474,0.3903529854424126,4.032698997240003,3.6423459959030153,1.911747533909088,0.5374973258929776,4.032698997240003,3.495201670328776,1.2124409367859477,0.2179098236369419,4.032698997240003,3.8147891696294147,1.468687973281841,0.4115818826166122,4.032698997240003,3.6211171253522236,2.296063902824425,0.6752778136538793,4.032698997240003,3.3574211756388346,1.7498079902124004,0.7960537429459222,4.032698997240003,3.236645261446635
18,19,1.7840012145386788,0.3118290424155523,4.032698997240003,3.720869960784912,1.3531060050795258,0.24937803703619332,4.032698997240003,3.783320943514506,2.1665470531341535,0.549746720771723,4.032698997240003,3.482952284812927,1.1473627223047522,0.08205373881333333,4.032698997240003,3.9506452592213948,1.5171558631536244,0.1688382390943497,4.032698997240003,3.863860760529836,1.9864976375192127,0.5953988069104481,4.032698997240003,3.437300197283427,1.6925058977898895,0.38499706643892617,4.032698997240003,3.6477019333839418
19,20,1.9528257382439969,0.37190755448665946,4.032698997240003,4.404606557687123,1.5228096018780815,0.294614388526214,4.032698997240003,3.738084591229757,2.2264681727927202,0.5695333224343586,4.032698997240003,3.463165681362152,1.205197142770391,0.34883246539109214,4.032698997240003,3.683866545359294,1.4514569248956264,0.49139282224648495,4.032698997240003,3.541306176185608,1.942019270426683,0.5344080730087883,4.032698997240003,3.498290938536326,2.0340963696346117,1.17570473351154,4.032698997240003,2.8569942617416384
20,21,1.6176233541886247,0.10330365143146825,4.032698997240003,4.13600263595581,1.4797750373118497,0.5191823291587161,4.032698997240003,3.5135166788101198,1.9597666186176719,0.8386951859600673,4.032698997240003,3.1940038267771405,1.2339765590297542,0.4020446367867119,4.032698997240003,3.6306543652216594,1.4584931549110478,0.44940790730787583,4.032698997240003,3.583291096687317,1.9916251865605572,0.6426072108554175,4.032698997240003,3.3900917840003966,1.8872315154855108,0.21032290496501593,4.032698997240003,3.8223760827382405
21,22,1.7610107019945147,0.07144262315756755,4.032698997240003,4.104141629536946,1.4876544178788356,0.11908456204407702,4.032698997240003,3.9136144304275513,1.870052575440164,0.39775050598455763,4.032698997240003,3.6349484833081562,1.2311302783335263,0.35531960882816005,4.032698997240003,3.6773793935775756,1.5103930483748917,0.4987825314012495,4.032698997240003,3.5339164559046425,1.905245278584429,0.7755192537911064,4.032698997240003,3.2571797664960225,1.73529839343776,0.6324166158643689,4.032698997240003,3.4002823917071026
22,23,1.9437950300682776,0.06820070387846933,4.032698997240003,4.100899686018626,1.3953434453430427,0.2404644719568223,4.032698997240003,3.792234537601471,1.9013779990494333,0.6089534580516149,4.032698997240003,3.4237455336252847,1.2076786722516446,0.2172232881990399,4.032698997240003,3.815475719769796,1.4953509267031717,0.3580115802891384,4.032698997240003,3.6746874221165977,1.915111024784722,0.895692358792556,4.032698997240003,3.137006638844808,1.7942532658666945,0.5806814646529483,4.032698997240003,3.452017526626587
23,24,1.8047952717412825,0.008241373678776753,4.032698997240003,4.024457625548044,1.40812278239567,0.3075368797587683,4.032698997240003,3.7251621150970458,2.026485697342861,0.8754137468146612,4.032698997240003,3.1572852619489034,1.2460558747866868,0.1431304402954705,4.032698997240003,3.8895685625076295,1.412653311125136,0.3044146458116499,4.032698997240003,3.7282843510309855,2.0116574680781807,0.4767293460972435,4.032698997240003,3.555969648361206,1.718803102579198,0.4291309622732129,4.032698997240003,3.603568030198415
24,25,1.807579951166288,0.0833977091503808,4.032698997240003,4.11609669526418,1.5210062460966722,0.43447617211017286,4.032698997240003,3.5982228183746336,1.9922262719430284,0.7233133340683904,4.032698997240003,3.3093856461842854,1.2044032312565147,0.23783303934408506,4.032698997240003,3.7948659547170003,1.4897811213845247,0.48187179603252117,4.032698997240003,3.5508271980285646,2.2112196918597125,0.30706544039719574,4.032698997240003,3.7256335687637328,1.729261007402748,0.7935981635061231,4.032698997240003,3.2391008432706196
25,26,1.6051618251136517,0.1000081062125493,4.032698997240003,3.932690889040629,1.499778388125693,0.2932310147888786,4.032698997240003,3.7394679856300352,2.1531361210501427,0.5497300116029709,4.032698997240003,3.482968986829122,1.1910308218439027,0.22679902432435028,4.032698997240003,3.8058999903996784,1.4210385214696672,0.17121572691274967,4.032698997240003,3.8614832750956216,1.9662077625437204,0.44085657395991973,4.032698997240003,3.5918424248695375,1.9720968125310563,0.9833346279270776,4.032698997240003,3.0493643617630006
26,27,1.9207157085302367,0.01899919309291498,4.032698997240003,4.013699812889099,1.5431886175728937,0.3889014597542415,4.032698997240003,3.6437975406646728,2.219940474263241,0.6922788146940202,4.032698997240003,3.3404201833407083,1.26375379145581,0.3003881680774021,4.032698997240003,3.7323108196258543,1.3876725814434787,0.39029544669462535,4.032698997240003,3.642403562863668,2.004095424147469,0.7488687999851833,4.032698997240003,3.283830197652181,1.8183573236308939,0.8841496270703604,4.032698997240003,3.148549353281657
27,28,1.8470313032615369,0.0656084720102279,4.032698997240003,3.9670905256271363,1.4365638790953525,0.3405472755240728,4.032698997240003,3.6921517276763915,2.2022707907962653,0.6409138826337784,4.032698997240003,3.3917851281166076,1.1839179096924237,0.03683145958257983,4.032698997240003,3.9958675320943198,1.420941785771837,0.039770411631199654,4.032698997240003,3.992928574879964,1.9642686762420327,0.22291840352687542,4.032698997240003,3.809780588944753,1.603909083964588,0.2981245195674229,4.032698997240003,3.7345744872093203
28,29,1.6446810121218205,0.08681146663354511,4.032698997240003,4.119510448773702,1.5532748173981474,0.16149495361321442,4.032698997240003,3.871204056739807,2.3212816441362003,0.7053782150951355,4.032698997240003,3.327320775190989,1.1994177239685735,0.27451014715505906,4.032698997240003,3.7581888500849407,1.4621828122140812,0.39311170735034606,4.032698997240003,3.6395872990290323,1.7817672011333703,0.47093801873995167,4.032698997240003,3.5617609707514446,2.0074265802887097,0.8306509895928031,4.032698997240003,3.2020480020840965
29,30,1.7707289268760762,0.2515270475355118,4.032698997240003,3.781171949704488,1.5841665110441345,0.22825453915271465,4.032698997240003,3.804444461663564,2.152174549436106,0.38951492039435376,4.032698997240003,3.6431840880711874,1.1550927256555668,0.06879045921636884,4.032698997240003,3.9639085324605308,1.4583461485908384,0.022978370170526397,4.032698997240003,4.0097206298510235,2.1216557912794505,0.7602252165285077,4.032698997240003,3.272473786671956,1.8701160200757696,0.02763405290173182,4.032698997240003,4.060333062807719
30,31,1.7313918922383242,0.10733717537846843,4.032698997240003,4.140036167303721,1.521545094274871,0.4353229490724533,4.032698997240003,3.597376038233439,2.025293983577463,0.49339817601515135,4.032698997240003,3.539300843079885,1.2628681777591801,0.13480605083776798,4.032698997240003,3.897892951965332,1.4435245531175156,0.19570680338217095,4.032698997240003,3.8369922161102297,2.0629508869483266,0.45207771776192684,4.032698997240003,3.580621280670166,1.9105053160922527,0.179070475479695,4.032698997240003,3.853628513813019
31,32,1.7345426472137107,0.015581841449670897,4.032698997240003,4.017117154598236,1.4063333475679016,0.3686886703776646,4.032698997240003,3.66401033560435,1.916862643322705,0.5541675088611573,4.032698997240003,3.478531490166982,1.2133571719467364,0.2227029891617427,4.032698997240003,3.809996018409729,1.4633500360560483,0.2914491486357975,4.032698997240003,3.741249844233195,2.158801026052224,0.35747193930619225,4.032698997240003,3.67522705634435,2.1365117246702363,1.456959950110051,4.032698997240003,2.5757390467325845
32,33,1.8351130906865054,0.042129488010473004,4.032698997240003,4.074828506310781,1.4566118103203358,0.36375309028300906,4.032698997240003,3.6689458974202473,1.9278774462879804,0.5562474665847748,4.032698997240003,3.4764515312512714,1.2356536384533903,0.3178557538794804,4.032698997240003,3.7148432381947836,1.4565828382292658,0.2835441211667984,4.032698997240003,3.7491548744837444,2.043257115521554,0.8168876234498947,4.032698997240003,3.2158113861083986,1.823582884051294,1.1157990407752325,4.032698997240003,2.9168999592463174
33,34,1.747472299801463,0.18657699682387996,4.032698997240003,3.846121992270152,1.4166357534219716,0.34841444689108236,4.032698997240003,3.6842845352490743,2.372928413778471,0.8761743155923813,4.032698997240003,3.156524693965912,1.2169644405161748,0.261525342445307,4.032698997240003,3.771173632939657,1.5945231597613392,0.3579685564644466,4.032698997240003,3.6747304519017536,1.8638206052812643,0.6732323537078826,4.032698997240003,3.3594666433334353,1.7863486943117572,1.2101910686301518,4.032698997240003,2.822507919470469
34,35,1.925917639911419,0.4414601512558587,4.032698997240003,3.5912388443946837,1.4312609212399143,0.30871041892045037,4.032698997240003,3.72398858944575,2.0536993680086537,0.6088581899610488,4.032698997240003,3.4238407945632936,1.2657298199812375,0.3456342998949018,4.032698997240003,3.6870647048950196,1.4567373501099423,0.372731295010182,4.032698997240003,3.659967686335246,1.8003283859702583,0.7443562735922464,4.032698997240003,3.2883427262306215,1.746773226901755,0.7490485056049949,4.032698997240003,3.2836504991849265
35,36,1.7195082324346598,0.1131032049464511,4.032698997240003,3.919595798651377,1.5576423911735386,0.4372106540011691,4.032698997240003,3.595488355954488,2.2128077267281046,0.48420932708256714,4.032698997240003,3.548489674727122,1.2121052016577758,0.027633541803293582,4.032698997240003,4.005065450668335,1.5945050351790855,0.11025682844791085,4.032698997240003,3.92244215965271,2.095315749526241,0.367921679000788,4.032698997240003,3.664777319431305,1.7382712928450148,0.3825423511671353,4.032698997240003,3.6501566576957702
36,37,1.5740025573801075,0.3503434836673067,4.032698997240003,3.682355515956879,1.5807702968823227,0.3636005484866427,4.032698997240003,3.6690984471638997,1.9702848045594799,0.2761102084127396,4.032698997240003,3.7565887943903604,1.1932410597692005,0.19234348811778723,4.032698997240003,3.8403555170694985,1.411217555436048,0.23875814396215755,4.032698997240003,3.7939408508936565,1.9710454375777786,0.580598417501383,4.032698997240003,3.4521005805333456,1.653163782841515,0.0373687386321353,4.032698997240003,3.995330266952515
37,38,1.7586656783090646,0.10015799719168017,4.032698997240003,3.9325409944852194,1.378935327998529,0.36633286116593355,4.032698997240003,3.6663661289215086,2.1255158221952106,0.368903462668988,4.032698997240003,3.663795525232951,1.2576879568594905,0.36522286611868227,4.032698997240003,3.6674761327107746,1.4549845408506148,0.2907361765511163,4.032698997240003,3.7419628286361695,1.9856641421846235,0.7472774461713758,4.032698997240003,3.285421552658081,1.8264186316818063,0.9215974457867273,4.032698997240003,3.111101545492808
38,39,1.7099967904519084,0.2049062806559272,4.032698997240003,4.2376052792867025,1.4871433820920037,0.3870095689900048,4.032698997240003,3.6456894342104595,1.9825051868167172,0.5719474174387584,4.032698997240003,3.460751580397288,1.2010476446685612,0.1577374891248673,4.032698997240003,3.874961503346761,1.5030226013841903,0.3440591025161077,4.032698997240003,3.6886398879686992,1.8435631620702582,0.4493552048809657,4.032698997240003,3.58334379752477,1.7906607987370204,0.3939228971607811,4.032698997240003,3.638776098092397
39,40,1.6567837193598143,0.11502392413146012,4.032698997240003,4.147722909450531,1.4805283119065002,0.2617304837512302,4.032698997240003,3.7709685230255126,2.071588222169841,0.799521595220499,4.032698997240003,3.2331774044036865,1.1634781114978674,0.12416652244256632,4.032698997240003,4.156865525245666,1.3854488020662348,0.05222421727505022,4.032698997240003,4.084923221270244,1.9126692509808647,0.07944293775233913,4.032698997240003,3.953256050745646,1.7710872640253366,0.1747154313517285,4.032698997240003,4.207414433161418
40,41,1.7518070282709615,0.387485624532633,4.032698997240003,3.6452133750915525,1.6151783622020564,0.4423588247902521,4.032698997240003,3.590340158144633,1.8877619793047473,0.6236071876493421,4.032698997240003,3.409091814359029,1.2180856835776148,0.20179090497963914,4.032698997240003,3.8309080918629963,1.5448003191809334,0.23620491383545872,4.032698997240003,3.796494097709656,1.9976327590401173,0.4691206236488945,4.032698997240003,3.5635783648490906,2.01362371532857,0.7810476692326196,4.032698997240003,3.251651334762573
41,42,1.7725051007694548,0.05219658651027359,4.032698997240003,3.980502401192983,1.4845295920404684,0.29846358019186336,4.032698997240003,3.734235412279765,1.9806897080675163,0.8123012423323916,4.032698997240003,3.2203977592786153,1.2412588653578234,0.130438769241902,4.032698997240003,3.902260219256083,1.4174336074916185,0.30434224365227713,4.032698997240003,3.728356753985087,2.074835850432198,0.3954699162450761,4.032698997240003,3.6372290738423665,1.8240081609344547,0.24637021023107852,4.032698997240003,3.7863287774721783
42,43,1.6277402784409989,0.27606635449402805,4.032698997240003,3.756632643143336,1.487278316473638,0.30298592684739134,4.032698997240003,3.729713079134623,2.0932973206049104,0.7232339107798862,4.032698997240003,3.309465091228485,1.1907834578252303,0.26745082575155577,4.032698997240003,3.7652481826146444,1.5479191082181698,0.4050134928829796,4.032698997240003,3.6276855119069418,2.0580116828701565,0.32005391794515914,4.032698997240003,3.7126450729370117,1.8635717882103082,0.547152134558293,4.032698997240003,3.485546851158142
43,44,1.9194724549906501,0.29509538489652964,4.032698997240003,3.7376036278406777,1.4748770923878405,0.1516146202690729,4.032698997240003,3.8810843928654988,2.093566322002142,0.621517997166249,4.032698997240003,3.4111810032526653,1.2863555576657966,0.3010126495169927,4.032698997240003,3.731686356862386,1.4813086334683296,0.34331220068607005,4.032698997240003,3.689386792182922,2.1022795677265926,0.9028175345865219,4.032698997240003,3.1298814606666565,1.6064682070452536,0.3772791572220453,4.032698997240003,3.6554198280970254
44,45,1.5979562602287551,0.006381716747350552,4.032698997240003,4.039080718358358,1.4920095644665874,0.25183489082329746,4.032698997240003,3.7808641052246093,2.200432394746518,0.4626020113435714,4.032698997240003,3.5700969886779785,1.2418431873230968,0.18350739755305945,4.032698997240003,3.849191608428955,1.4884970931075092,0.25572539804451955,4.032698997240003,3.7769735940297444,2.065267751313171,0.6348570255247084,4.032698997240003,3.3978419725100197,1.8281816812406093,1.2009105745759934,4.032698997240003,2.831788421471914
45,46,1.8330901742401027,0.2347170825607905,4.032698997240003,3.79798193136851,1.6705684956613327,0.4187154912757207,4.032698997240003,3.613983507156372,2.055851278690422,0.5420288932132054,4.032698997240003,3.4906701056162515,1.2577426660231228,0.19640221037540107,4.032698997240003,3.8362967745463052,1.5095819198874403,0.4320877794233291,4.032698997240003,3.6006112178166707,2.0695687010661103,0.6824729633139897,4.032698997240003,3.350226027170817,1.7378352618894253,0.6808312392043399,4.032698997240003,3.3518677457173665
46,47,1.7848769427491997,0.11360267680810576,4.032698997240003,4.146301672458649,1.473202600337955,0.21028746841423995,4.032698997240003,3.8224115324020387,2.2287053247520405,0.5680012923287676,4.032698997240003,3.464697711467743,1.2608776681468774,0.19210768737468387,4.032698997240003,3.8405913066864015,1.511663852211672,0.3331130206393529,4.032698997240003,3.699585976600647,2.072981569522723,0.6178077928033798,4.032698997240003,3.414891205628713,1.6654432093706952,0.5334238135623264,4.032698997240003,3.499275195598602
47,48,1.8074403009412583,0.5049734572378126,4.032698997240003,3.5277255368232727,1.5334708775649297,0.30104005573266024,4.032698997240003,3.731658928394318,1.9024189123998683,0.6383496107466349,4.032698997240003,3.3943493882815043,1.2000560914330178,0.18307731149666795,4.032698997240003,3.8496216980616254,1.560888522488366,0.23811835644715318,4.032698997240003,3.7945806407928466,1.9804075148649163,0.519312479476862,4.032698997240003,3.5133865229288737,1.759300787091739,0.5362357997702887,4.032698997240003,3.496463205019633
48,49,1.8015709720495572,0.4335063810951838,4.032698997240003,3.5991926177342735,1.5720109334880854,0.48660666583054546,4.032698997240003,3.546092324256897,2.1371306953728646,0.43795202928854327,4.032698997240003,3.594746976693471,1.2267347477679318,0.14450074352893516,4.032698997240003,3.888198246955872,1.5298895529722176,0.290250373264882,4.032698997240003,3.7424486072858176,2.2959017386896674,0.5855404921181329,4.032698997240003,3.447158502737681,1.7494202302923925,0.7742804519144029,4.032698997240003,3.2584185457229613
49,50,1.5259765621782049,0.39240785159740144,4.032698997240003,3.6402911416689556,1.428700595708968,0.2693518276817928,4.032698997240003,3.76334716796875,1.8691736617812251,0.6071296083735751,4.032698997240003,3.4255693825085958,1.1923815858801912,0.1963597488211919,4.032698997240003,3.8363392464319865,1.3602285167055754,0.3824513788826591,4.032698997240003,3.6502476143836975,1.822859158565222,0.5669444854862817,4.032698997240003,3.4657545292377474,1.9054564764238835,0.7123243399269708,4.032698997240003,3.3203746525446576
50,51,1.717606715313515,0.049797616818812784,4.032698997240003,4.082496612071991,1.5458753967292498,0.06841288167311044,4.032698997240003,3.964286119143168,2.0961073783063617,0.7035629119284281,4.032698997240003,3.3291361053784687,1.2002247042985783,0.1637681440320935,4.032698997240003,3.868930857976278,1.4476967775560494,0.2789562614567407,4.032698997240003,3.7537427234649656,1.8948711295309892,0.6532331500259367,4.032698997240003,3.3794658414522805,1.9235841467648205,0.8924323606299689,4.032698997240003,3.1402666290601093
51,52,1.9223277137019665,0.012882769921687576,4.032698997240003,4.045581755638122,1.4391309376398267,0.3263452239639886,4.032698997240003,3.7063537708918255,2.3069477488774752,0.723804335575037,4.032698997240003,3.3088946676254274,1.1895073343704115,0.05356226203911785,4.032698997240003,3.9791367371877033,1.4132121299158478,0.09493691084855094,4.032698997240003,3.937762099901835,2.041722266982333,0.6127955893484085,4.032698997240003,3.4199034039179486,1.6078501108827503,0.476985220293932,4.032698997240003,3.555713775952657
52,53,1.7941390398940822,0.042124336144062635,4.032698997240003,3.9905746603012084,1.4775908902554125,0.385960613867375,4.032698997240003,3.646738379796346,2.1893582787617567,0.7655841763622888,4.032698997240003,3.26711483001709,1.2427551425074121,0.2511716608015031,4.032698997240003,3.7815273427963256,1.508239165478581,0.42850304720871923,4.032698997240003,3.6041959428787234,2.1217794576909843,0.7250506237951249,4.032698997240003,3.307648365497589,1.6445632265169219,0.7456775204149215,4.032698997240003,3.2870214676856992
53,54,1.6918339980735806,0.38123860555960043,4.032698997240003,3.6514603940645856,1.4932206981794367,0.35307579416109425,4.032698997240003,3.6796232016881305,1.948030310642746,0.5786001944350527,4.032698997240003,3.454098808765411,1.2151287064343206,0.26612055776589383,4.032698997240003,3.766578427950541,1.4897894057818624,0.2610246125665632,4.032698997240003,3.7716743898391725,1.8533981019587122,0.3550341470844871,4.032698997240003,3.677664837837219,1.917105569736722,0.6362735275236098,4.032698997240003,3.396425465742747
54,55,1.7528664566961243,0.2208819083181348,4.032698997240003,3.8118170793851216,1.4631743061720506,0.3851603130308119,4.032698997240003,3.6475386667251586,2.0005896767087767,0.34693298894239755,4.032698997240003,3.685766005516052,1.2499284463700489,0.24236560541464192,4.032698997240003,3.790333399772644,1.436694864449604,0.29345507739060395,4.032698997240003,3.739243920644124,2.1327954466120413,0.3771122427590021,4.032698997240003,3.6555867465337117,1.7983256418207092,0.2773547065066624,4.032698997240003,3.7553443002700804
55,56,1.587656844588059,0.311829119305544,4.032698997240003,3.7208698701858522,1.535661470885748,0.3164297743446953,4.032698997240003,3.716269249121348,2.04638259794176,0.6074746461517937,4.032698997240003,3.425224339167277,1.2366134212484694,0.26649108090076146,4.032698997240003,3.7662079318364463,1.4315938259100298,0.4921518671321201,4.032698997240003,3.5405471324920654,2.094789156374892,0.6582482623862553,4.032698997240003,3.3744507304827374,1.6223878315024605,0.44666387118968665,4.032698997240003,3.586035122871399
56,57,1.8722437250836765,0.3696116958863862,4.032698997240003,3.663087298870087,1.3008772489958238,0.20079871414177886,4.032698997240003,3.8319002946217853,2.1040109321315983,0.638528516472114,4.032698997240003,3.3941704765955607,1.2012905148343056,0.28937723157876016,4.032698997240003,3.743321760495504,1.4340641335216462,0.286660229743255,4.032698997240003,3.7460387643178303,2.2593073256154055,0.9959316656795472,4.032698997240003,3.036767327785492,1.997262646598408,1.3215898229487069,4.032698997240003,2.7111091669400533
57,58,1.7028046971756312,0.3660296916770269,4.032698997240003,3.6666693059603372,1.3892190802683182,0.29735165673567154,4.032698997240003,3.735347334543864,1.8506118597823895,0.3020522880362799,4.032698997240003,3.7306466937065124,1.2333466647422506,0.15135436016394,4.032698997240003,3.881344641049703,1.597699527517904,0.4221398774591414,4.032698997240003,3.610559125741323,1.8755760028493251,0.5124753439235019,4.032698997240003,3.5202236501375834,1.9049571604848596,0.7253919541644382,4.032698997240003,3.30730703830719
58,59,1.7243859366468917,0.02047578253421456,4.032698997240003,4.012223224639893,1.4609005658547698,0.3141995433774918,4.032698997240003,3.7184994570414225,1.7918495542541208,0.4606665277289679,4.032698997240003,3.5720324754714965,1.2459803236872111,0.19147924778931635,4.032698997240003,3.8412197748819987,1.470794970118367,0.4325185243097276,4.032698997240003,3.600180469353994,1.9829801635041016,0.6447694512016899,4.032698997240003,3.387929547627767,2.070184029395003,1.2688364374446204,4.032698997240003,2.7638625582059224
59,60,1.9329865012621053,0.10389298321730589,4.032698997240003,4.136591983636221,1.488179437442811,0.2943994299379318,4.032698997240003,3.7382995573679607,1.993204748875475,0.2952616325822799,4.032698997240003,3.7374373761812847,1.2373939951987385,0.14027999915752076,4.032698997240003,3.8924189901351927,1.5697263610660053,0.13577534951839132,4.032698997240003,3.89692368666331,1.8976333347269894,0.8991171435323682,4.032698997240003,3.1335818457603453,1.789376417346313,0.22843301771157254,4.032698997240003,3.804265996615092
60,61,1.7884053021571837,0.10362005688819576,4.032698997240003,3.929078942934672,1.417805158165536,0.2554544436740209,4.032698997240003,3.7772445408503215,2.0158820728597378,0.5813748573072086,4.032698997240003,3.4513241481781005,1.2317558778585513,0.1040505921649264,4.032698997240003,3.92864839553833,1.4132532104014437,0.31958324152303996,4.032698997240003,3.713115757306417,1.9142656507008966,1.0562217207558282,4.032698997240003,2.9764772661527,1.7950370060435625,0.9940022869713432,4.032698997240003,3.038696701526642
61,62,1.839766932528186,0.27148265320135456,4.032698997240003,3.7612163456281027,1.5244881776314898,0.09330031313571618,4.032698997240003,3.939398684501648,1.9483950723063193,0.7617701669342645,4.032698997240003,3.270928816795349,1.2429879051824542,0.30313365576737406,4.032698997240003,3.7295653343200685,1.5882900559546336,0.41201235809001613,4.032698997240003,3.6206866637865702,2.1410882312982085,0.7113720245964656,4.032698997240003,3.3213269678751627,1.7347006730706176,0.04308242040945354,4.032698997240003,3.9896165680885316
62,63,1.9204726554440605,0.0290321137699161,4.032698997240003,4.061731116771698,1.5134220868532353,0.42068263330135025,4.032698997240003,3.612016354401906,2.048722189074977,0.3935532971031792,4.032698997240003,3.639145696957906,1.1442482893738406,0.14104868886940958,4.032698997240003,3.8916503111521403,1.378591328046774,0.3849422208276718,4.032698997240003,3.647756779988607,1.911464671454349,0.6316264672882683,4.032698997240003,3.4010725307464598,1.6161308162491033,0.2781918895053197,4.032698997240003,3.7545071164766948
63,64,1.8630205183527573,0.05443878235346755,4.032698997240003,4.087137784957886,1.4206991932477713,0.3792552562363274,4.032698997240003,3.653443739414215,2.149464793964704,0.786404925963017,4.032698997240003,3.246294066905975,1.1874745418731705,0.10981465218537334,4.032698997240003,3.922884349822998,1.376895563627093,0.43338733234080973,4.032698997240003,3.5993116625150043,2.248709604157971,0.5957724080291715,4.032698997240003,3.436926592985789,1.7661668281590588,0.25142737420327155,4.032698997240003,4.284126354058584
64,65,2.0088625754321514,0.21993892985655172,4.032698997240003,3.812760070164998,1.5042622497890925,0.19749398547483787,4.032698997240003,3.83520499865214,2.0525100707814214,0.4332479075399367,4.032698997240003,3.5994510785738627,1.2338354518542598,0.10369964875850357,4.032698997240003,3.928999341328939,1.4694877141334342,0.060153631747497105,4.032698997240003,3.9725453662872314,1.9555581690340575,0.5217380821513462,4.032698997240003,3.5109609166781106,1.72550033667956,0.767170049727691,4.032698997240003,3.2655289522806803
65,66,1.7291732611782626,0.02178013442032789,4.032698997240003,4.010918855667114,1.5117864417618319,0.3153680844910274,4.032698997240003,3.717330906391144,2.1165227119278014,0.8526105081843665,4.032698997240003,3.1800884731610615,1.174829758403895,0.09924490648580875,4.032698997240003,3.933454092343648,1.3869407393937372,0.19217737513853406,4.032698997240003,3.8405216121673584,1.8887007007247476,0.3558827449686657,4.032698997240003,3.676816258430481,1.7592755971442746,0.6764074142582546,4.032698997240003,3.3562915825843813
66,67,1.894317126646769,0.32205808160775184,4.032698997240003,3.7106409033139545,1.508835517149849,0.4104042517947484,4.032698997240003,3.6222947430610657,2.1099617995181412,0.7010671667066544,4.032698997240003,3.3316318448384603,1.2242249824044962,0.20571673113180466,4.032698997240003,3.8269822645187377,1.4244001847891938,0.2812673051960597,4.032698997240003,3.7514316987991334,2.155814795586896,0.6875988566684055,4.032698997240003,3.345100143750509,1.6770215093009608,0.7552872999317772,4.032698997240003,3.2774117000897727
67,68,1.7562959794369923,0.03532751641598075,4.032698997240003,4.068026510079702,1.4522293714809373,0.22328887142810494,4.032698997240003,3.809410122235616,1.9511124041995216,0.6076485272057184,4.032698997240003,3.4250504771868386,1.2074553556289922,0.13092038430843056,4.032698997240003,3.9017786391576132,1.531290100043338,0.3216917868263849,4.032698997240003,3.7110072151819864,1.9091869757465527,0.4013571236339537,4.032698997240003,3.631341881752014,1.823589468366796,0.6189359732277522,4.032698997240003,3.4137630168596904
68,69,1.7404400231525687,0.13301690938002597,4.032698997240003,4.165715902646383,1.4960702376911519,0.2793190459218948,4.032698997240003,3.753379937807719,2.2146518277428777,0.9330900792089429,4.032698997240003,3.0996089084943135,1.184899731883501,0.18288881697330162,4.032698997240003,3.849810179074605,1.5523218275228492,0.3353601352182358,4.032698997240003,3.697338864803314,1.982154679084477,0.5588966063466994,4.032698997240003,3.473802394072215,1.7722159111375395,0.7008631551074314,4.032698997240003,3.331835848490397
69,70,1.7677592575303727,0.2833240095582932,4.032698997240003,3.749374992052714,1.5039604867344265,0.31250715333296153,4.032698997240003,3.720191861788432,2.1946669012589597,0.9236444953886003,4.032698997240003,3.1090545066197715,1.228580592609054,0.25982693948421165,4.032698997240003,3.772872034708659,1.3775576542995858,0.1450870835589697,4.032698997240003,3.8876118993759157,1.9686940737617367,0.8025344180869389,4.032698997240003,3.23016455968221,1.5535238629573083,0.5790686265436142,4.032698997240003,3.4536303782463076
70,71,1.8202046315808063,0.2072069644736576,4.032698997240003,3.8254920268058776,1.3585437461131091,0.22791256664269444,4.032698997240003,3.8047864325841267,2.0386599227450355,0.5049860962040551,4.032698997240003,3.5277129062016805,1.2480203480091634,0.22182084598216711,4.032698997240003,3.8108781671524046,1.3576173129231932,0.24037094273242632,4.032698997240003,3.792328068415324,1.816314432057702,0.42840232529315614,4.032698997240003,3.6042966715494793,1.9557009094789695,1.2725271812883348,4.032698997240003,2.760171813170115
71,72,1.7124619595527293,0.1381389053471218,4.032698997240003,3.894560081164042,1.5070822731855988,0.4481075986034999,4.032698997240003,3.5845914085706077,1.9715489736854284,0.7161133253382967,4.032698997240003,3.316585665543874,1.2417192973023259,0.17440490442587242,4.032698997240003,3.8582940975824993,1.561598829662477,0.24196997044556623,4.032698997240003,3.790729039510091,1.906343140084202,0.4926274569637905,4.032698997240003,3.54007155418396,1.7133725368893495,0.6078908292261094,4.032698997240003,3.4248081636428833
72,73,1.9412845837296606,0.163865203043553,4.032698997240003,3.8688338176409403,1.5431106717829568,0.21484720228188525,4.032698997240003,3.8178517961502076,2.0556243869513637,0.582037040770782,4.032698997240003,3.4506619572639465,1.1845409940681315,0.1696385816541639,4.032698997240003,3.8630604187647504,1.4901304794895798,0.379414748331639,4.032698997240003,3.6532842540740966,2.1017720393165304,0.5391588707573542,4.032698997240003,3.493540120124817,1.8718388153783876,0.3352744606939284,4.032698997240003,3.6974245429039003
73,74,1.6259060224177373,0.1727457137711177,4.032698997240003,3.8599532969792683,1.4501265789742461,0.40032440660470003,4.032698997240003,3.6323745743433635,1.944917523071343,0.4386692532953944,4.032698997240003,3.5940297206242877,1.259170608885144,0.31925608672771144,4.032698997240003,3.7134429200490318,1.3854068433278182,0.3067204300371138,4.032698997240003,3.7259785652160646,1.9560599780242072,0.5064598827493518,4.032698997240003,3.5262391185760498,1.8705988052675153,0.28530172773275053,4.032698997240003,3.747397265434265
74,75,1.68762085804769,0.28620493906809186,4.032698997240003,3.7464940706888834,1.470865853900926,0.35436048624985705,4.032698997240003,3.6783385054270425,1.9749612539301098,0.49199444016390315,4.032698997240003,3.540704544385274,1.2365320694710205,0.26816016552918454,4.032698997240003,3.764538836479187,1.495029894837787,0.3580508573658592,4.032698997240003,3.674648127555847,2.1182216747612337,0.7428010888702996,4.032698997240003,3.289897909959157,1.67833304169976,0.44651303170197476,4.032698997240003,3.586185967922211
75,76,1.6703141895206342,0.03032240190181401,4.032698997240003,4.002376607259115,1.5282611645580986,0.29038552719427413,4.032698997240003,3.742313470840454,2.1107198488808128,0.4549647919145552,4.032698997240003,3.577734214464823,1.2109520656851078,0.3191732132243441,4.032698997240003,3.7135257943471274,1.5635623238289391,0.5646622264193821,4.032698997240003,3.4680367612838747,1.938445075377468,0.8443393750794059,4.032698997240003,3.188359631697337,2.1084353157979208,1.7026604389952946,4.032698997240003,2.3300385586420695
76,77,1.6173315068808722,0.21432567038211525,4.032698997240003,3.818373324871063,1.5756014648910703,0.3779656338500308,4.032698997240003,3.654733347892761,2.0566062474532485,0.3071311259078313,4.032698997240003,3.72556786219279,1.2483933070881517,0.27094093201630587,4.032698997240003,3.761758065223694,1.4645586204497718,0.3893227326678561,4.032698997240003,3.643376251856486,2.0162283596833195,0.7898431277083682,4.032698997240003,3.2428558627764383,2.1145395466057018,1.2088191962050723,4.032698997240003,2.8238798038164776
77,78,1.7853021992893112,0.10429827231241529,4.032698997240003,3.928400733470917,1.5174424522145318,0.23522741037679973,4.032698997240003,3.797471580505371,2.0021673637785704,0.5523021701780286,4.032698997240003,3.480396816730499,1.2364173326960335,0.3017134479490249,4.032698997240003,3.7309855445226034,1.5139210797288483,0.24660739419930477,4.032698997240003,3.786091602643331,2.139148644437575,0.5444024626222581,4.032698997240003,3.488296541372935,1.9053887678166999,0.9421486302025444,4.032698997240003,3.0905503630638123
78,79,1.603190573427648,0.07605631667448387,4.032698997240003,3.9566426889101662,1.4422155626961652,0.2501135372924139,4.032698997240003,3.7825854619344077,2.15842623768234,0.5428401778943668,4.032698997240003,3.489858815670013,1.2646126518663994,0.4255781868902173,4.032698997240003,3.607120838165283,1.436356076441068,0.4037062712319024,4.032698997240003,3.62899272441864,2.171044803950431,0.7834968340205477,4.032698997240003,3.2492021624247234,1.7956183190186463,0.8265090355582365,4.032698997240003,3.206189970175425
79,80,1.9276069048001647,0.4498309159087466,4.032698997240003,3.5828680777549744,1.5316127068171212,0.18284770447088583,4.032698997240003,3.8498512808481853,2.0308429538533983,0.5579226553248691,4.032698997240003,3.4747763387362163,1.2283194522023837,0.21422927258484847,4.032698997240003,3.818469729423523,1.6093765108157632,0.36634350933704063,4.032698997240003,3.666355487505595,1.9984257221780133,0.45609656093590756,4.032698997240003,3.576602439880371,1.8064844201454802,0.6255802464293767,4.032698997240003,3.407118755976359
80,81,1.7685236981681722,0.025519818484054824,4.032698997240003,4.0582188097635905,1.610771349632349,0.37482442019455897,4.032698997240003,3.657874578634898,2.1311064344576245,0.7932394114938703,4.032698997240003,3.2394595829645794,1.2585292316807628,0.3225786622173912,4.032698997240003,3.710120325088501,1.5082951128772275,0.16186807153695115,4.032698997240003,3.870830912590027,2.1437997817352277,0.6373995105234114,4.032698997240003,3.395299485127131,1.8761825748418688,0.28481776593201635,4.032698997240003,3.74788121620814
81,82,1.7426543107936736,0.019848629614445557,4.032698997240003,4.012850368022919,1.51669627370815,0.34894282776190133,4.032698997240003,3.6837561813990276,2.0638469680216343,0.49060210384998015,4.032698997240003,3.5420968945821127,1.1812859717552293,0.0878358860619195,4.032698997240003,3.944863106409709,1.457064704246838,0.11951788423531529,4.032698997240003,3.9131811118125914,1.8878801572678663,0.5232966987100571,4.032698997240003,3.5094023036956785,1.8454106239508996,0.6070803999709415,4.032698997240003,3.4256185976664226
82,83,1.7652567617924144,0.08835067866318713,4.032698997240003,3.944348306655884,1.4070342863069378,0.26746074833545386,4.032698997240003,3.7652382405598956,2.0033488929480723,0.5726812376387245,4.032698997240003,3.4600177637736,1.2017220462614293,0.10296346781723997,4.032698997240003,3.9297355365753175,1.5131477827143327,0.06162292359345445,4.032698997240003,3.9710760800043743,1.972655678146046,0.3295742428111361,4.032698997240003,3.7031247480710348,1.8678278963338857,0.8886732254730987,4.032698997240003,3.1440257604916892
83,84,1.731042363249616,0.15033426640503889,4.032698997240003,3.882364721298218,1.5376291548322574,0.2962653052615454,4.032698997240003,3.736433679262797,1.85417003738486,0.30042094804916086,4.032698997240003,3.732278056144714,1.2253541225745854,0.2553340685176182,4.032698997240003,3.777364934285482,1.5475719935167433,0.2189811106331474,4.032698997240003,3.8137178730964663,2.115008354291602,0.5883440915552107,4.032698997240003,3.4443548862139384,1.8100703397278508,1.0134190908876386,4.032698997240003,3.0192799027760824
84,85,1.743426604982821,0.06974495810197467,4.032698997240003,4.102443955739339,1.5371901063987536,0.22806347725861542,4.032698997240003,3.80463551680247,1.9989193782614068,0.7083538412856387,4.032698997240003,3.3243451428413393,1.2258346401190954,0.07594233789119409,4.032698997240003,3.956756655375163,1.3450013214972962,0.04163912214908283,4.032698997240003,3.991059878667196,1.927831873890481,0.5992030755487412,4.032698997240003,3.4334959252675374,1.7422189981926726,0.25001128314011556,4.032698997240003,3.782687703768412
85,86,1.6312671358182675,0.02330639721877059,4.032698997240003,4.056005407174428,1.4810006151085013,0.1179407866604456,4.032698997240003,3.9147582244873047,1.978322917351787,0.5186614936398795,4.032698997240003,3.5140375097592673,1.2606451522436946,0.40841045258515374,4.032698997240003,3.62428853670756,1.4349640824437917,0.5398295958645472,4.032698997240003,3.492869396209717,2.070072019743769,0.6284493390527692,4.032698997240003,3.4042496498425803,2.130133912576933,1.7839600793329207,4.032698997240003,2.2487389254570007
86,87,1.906546635840293,0.1207857340382863,4.032698997240003,3.9119132709503175,1.4928169976391406,0.13488519150091483,4.032698997240003,3.897813820838928,1.9763623481543269,0.8271231152422556,4.032698997240003,3.2055758849779763,1.2441469464554673,0.2604025073654781,4.032698997240003,3.7722964811325075,1.4383357450814203,0.4094956469344426,4.032698997240003,3.623203353881836,1.9513301470248654,0.686380833964281,4.032698997240003,3.3463181495666503,1.6794699587702564,0.6541261036999355,4.032698997240003,3.3785728987058006
87,88,1.7998491404116237,0.018905623039337627,4.032698997240003,4.0137933731079105,1.4543458769547541,0.3594820761489199,4.032698997240003,3.6732169206937155,2.1253253043390665,0.628780464510851,4.032698997240003,3.4039185309410094,1.240346254228258,0.19063336807562203,4.032698997240003,3.842065628369649,1.489425120411494,0.12885592379245425,4.032698997240003,3.9038430786132814,1.9429562950801111,0.4607708730108864,4.032698997240003,3.571928119659424,1.8203830407872723,0.8598811669952995,4.032698997240003,3.1728178310394286
88,89,1.8221412988688674,0.2361241066264439,4.032698997240003,3.7965748850504557,1.456060770620723,0.2861959731387427,4.032698997240003,3.7465030272801716,2.0561174779337557,0.4594010321107831,4.032698997240003,3.573297967910767,1.2202131007934547,0.12316030699087444,4.032698997240003,3.909538696606954,1.4039344010464774,0.3590402058568922,4.032698997240003,3.673658816019694,1.8532949340656315,0.3274611935821503,4.032698997240003,3.7052377978960673,1.784143607637617,0.7297147379127469,4.032698997240003,3.3029842527707416
89,90,1.8548938909086508,0.35624487119985915,4.032698997240003,3.6764541244506836,1.4816722794828843,0.3550046104001332,4.032698997240003,3.677694385051727,1.9794129818872412,0.4556427462704309,4.032698997240003,3.5770562442143756,1.2145578569730828,0.2116720477548566,4.032698997240003,3.821026949882507,1.669198732495292,0.4361380020585983,4.032698997240003,3.596560985247294,2.0563511076508516,0.5267078323967582,4.032698997240003,3.505991156895955,1.7128388997658954,0.7057176903692213,4.032698997240003,3.3269813140233357
90,91,1.6114002229127562,0.0845139705943394,4.032698997240003,3.948185039361318,1.3557182303176838,0.15273126163158102,4.032698997240003,3.879967737197876,2.0700947005001944,0.5292375755118655,4.032698997240003,3.5034614046414694,1.1938453047862105,0.2995101499366095,4.032698997240003,3.7331888628005983,1.5650153504523818,0.3801336653835903,4.032698997240003,3.652565337022146,2.118309399632999,0.7467319257862695,4.032698997240003,3.2859670742352804,1.785275622432493,0.8255017800934441,4.032698997240003,3.2071972036361696
91,92,1.63600766323693,0.35676844873103786,4.032698997240003,3.675930555661519,1.434600473489075,0.13448986369444205,4.032698997240003,3.898209129969279,1.9827860117508127,0.48679269073479636,4.032698997240003,3.545906306107839,1.268192206077928,0.39969995019906035,4.032698997240003,3.6329990371068317,1.4470426240781955,0.4687821209239291,4.032698997240003,3.563916869163513,2.215046058609236,0.816548413416478,4.032698997240003,3.216150582631429,1.7865581762682932,0.8022103090889581,4.032698997240003,3.2304886960983277
92,93,1.6577450388700163,0.10425788801835711,4.032698997240003,4.1369568832715355,1.370198055631351,0.33227553922010733,4.032698997240003,3.7004234631856283,2.029675218996767,0.9961689737744459,4.032698997240003,3.0365300377209983,1.1969232655374056,0.1616236197757055,4.032698997240003,3.8710753599802654,1.4812925432500188,0.21046047248515753,4.032698997240003,3.822238520781199,1.9702906215941332,0.5479205635992019,4.032698997240003,3.484778425693512,1.692721079098501,0.7634145263639418,4.032698997240003,3.269284470876058
93,94,1.6375506943110263,0.05289604268398573,4.032698997240003,4.085595059394836,1.4871688902114417,0.18041516977621397,4.032698997240003,3.8522838195165,1.8790812383092828,0.5002757835196783,4.032698997240003,3.532423203786214,1.2174511890868631,0.2093686210917758,4.032698997240003,3.8233303833007812,1.5691278894643663,0.3280244930393823,4.032698997240003,3.704674525260925,1.955927129533543,0.48448137559566185,4.032698997240003,3.5482176089286805,1.8273485804708756,0.7336912603981625,4.032698997240003,3.2990077344576516
94,95,1.6356013211695017,0.2601718536821336,4.032698997240003,3.77252713282903,1.4867802125453842,0.39775586543553354,4.032698997240003,3.6349431482950845,2.0527966269735014,0.7617516545263259,4.032698997240003,3.2709473315874735,1.2068838666186503,0.2502949281342155,4.032698997240003,3.782404065132141,1.4885886338830665,0.2929068481730748,4.032698997240003,3.7397921244303385,2.189379792733717,0.7079716821320186,4.032698997240003,3.3247273071606953,1.955996734758878,0.5401460194396304,4.032698997240003,3.492552978992462
95,96,1.7538416190591033,0.1051645509210557,4.032698997240003,3.9275344530741374,1.6992902803626884,0.2262777670033107,4.032698997240003,3.8064212226867675,2.044573401295534,0.6757196970589288,4.032698997240003,3.3569793033599855,1.2486184570482768,0.1932718511231073,4.032698997240003,3.8394271389643353,1.5315694455551807,0.3663823739496199,4.032698997240003,3.666316627661387,1.9023207473590904,0.4949803999868361,4.032698997240003,3.5377185988426207,1.7589658555752505,0.8862750085003506,4.032698997240003,3.146423982779185
96,97,1.7470969909264131,0.07264504752483703,4.032698997240003,4.105344035625458,1.4719987497581868,0.23818041998220751,4.032698997240003,3.7945185836156208,1.7981133498725244,0.5233116364287662,4.032698997240003,3.509387353261312,1.2290417095948454,0.3656456967003474,4.032698997240003,3.667053294181824,1.5632381911912308,0.4144196955171555,4.032698997240003,3.6182792965571084,2.1044141324388934,0.47957401929371857,4.032698997240003,3.5531249761581423,1.8451869403128838,0.4913782754349043,4.032698997240003,3.5413207038243613
97,98,1.842698787636466,0.5964902142492261,4.032698997240003,3.436208798090617,1.5908358251826746,0.3955995523738194,4.032698997240003,3.637099461555481,2.134610516350608,0.4041933397260635,4.032698997240003,3.6285056591033937,1.1853329325312385,0.16950034338308662,4.032698997240003,3.863198653856913,1.4664269903727614,0.30641714928620356,4.032698997240003,3.7262818455696105,1.9605489137892986,0.5505044932968746,4.032698997240003,3.4821945134798686,1.87855760113325,0.5014629212823838,4.032698997240003,3.531236077149709
98,99,1.6381227387174264,0.2615617751883792,4.032698997240003,3.771137229601542,1.5022733037639884,0.45483332671794585,4.032698997240003,3.5778656800587973,2.0354678830760076,0.5106553745078375,4.032698997240003,3.52204362710317,1.2755739356926201,0.37627447086645427,4.032698997240003,3.6564245335261027,1.585176760880796,0.38215161560051936,4.032698997240003,3.650547370115916,2.1860767069291986,1.0930895705826411,4.032698997240003,2.9396094131469725,1.741799810007859,0.5331367272443899,4.032698997240003,3.4995622833569846
99,100,1.826341116198558,0.3088234571424451,4.032698997240003,3.7238755504290264,1.4615026637819049,0.363847146809829,4.032698997240003,3.668851852416992,1.961193018651913,0.7318421186812052,4.032698997240003,3.300856881936391,1.2650773860081166,0.41978064654343594,4.032698997240003,3.612918348312378,1.4967587240441633,0.48231975911133773,4.032698997240003,3.5503792492548625,2.081122041801777,1.1217637986746758,4.032698997240003,2.910935192902883,2.2039210943379937,1.4641184413241675,4.032698997240003,2.5685805535316466
