,iter_id,PEHE_DCN_PD,PEHE_DCN_PD_new,ATE_Metric_DCN_PD,true_ATE_DCN_PD,predicted_DCN_PD,PEHE_DCN_PD_02,PEHE_DCN_PD_02_new,ATE_Metric_DCN_PD_02,true_ATE_DCN_PD_02,predicted_DCN_PD_02,PEHE_DCN_PD_05,PEHE_DCN_PD_05_new,ATE_Metric_DCN_PD_05,true_ATE_DCN_PD_05,predicted_DCN_PD_05,PEHE_DCN_PM_GAN,PEHE_DCN_PM_GAN_new,ATE_Metric_DCN_PM_GAN,true_ATE_DCN_PM_GAN,predicted_DCN_PM_GAN,PEHE_DCN_PM_GAN_02,PEHE_DCN_PM_GAN_02_new,ATE_Metric_DCN_PM_GAN_02,true_ATE_DCN_PM_GAN_02,predicted_DCN_PM_GAN_02,PEHE_DCN_PM_GAN_05,PEHE_DCN_PM_GAN_05_new,ATE_Metric_DCN_PM_GAN_05,true_ATE_DCN_PM_GAN_05,predicted_DCN_PM_GAN_05,PEHE_DCN_PM_GAN_PD,PEHE_DCN_PM_GAN_PD_new,ATE_Metric_DCN_PM_GAN_PD,true_ATE_DCN_PM_GAN_PD,predicted_DCN_PM_GAN_PD,tarnet_PEHE,tarnet_PEHE_new,tarnet_ATE_metric,tarnet_true_ATE,tarnet_predicted_ATE,tarnet_pm_gan_PEHE,tarnet_pm_gan_PEHE_new,tarnet_pm_gan_ATE_metric,tarnet_pm_gan_true_ATE,tarnet_pm_gan_predicted_ATE
0,1,1.7365620161386066,2.2479896005712785,0.11572777507731224,4.071962233006665,4.187690007686615,1.5615692202804416,1.902505813518216,0.36454855444005263,4.071962233006665,3.707413674990336,2.063150368259406,2.5646906003625727,0.7985184576309834,4.071962233006665,3.2734437719980876,1.1254879842634762,1.4500931846217282,0.2708034940756474,4.071962233006665,3.8011587413152057,1.3712757985957196,1.7269713779653666,0.40279285869967074,4.071962233006665,3.66916938384374,1.8456800105383073,2.3167157910615646,0.45320503654053956,4.071962233006665,3.6187571756045025,1.7321575780585805,2.17739546477386,0.7257818635500581,4.071962233006665,3.346180362701416,1.0746520828627093,1.3801429192525498,0.07816346845995525,4.071962233006665,3.99379877726237,1.0681183316288985,1.3632290235875455,0.007029175380578678,4.071962233006665,4.064933048884074
1,2,1.9430329142424367,2.495316191775914,0.7094544736740107,4.071962233006665,3.3625077613194785,1.4290651634813643,1.7762377805388656,0.46797457220128313,4.071962233006665,3.6039876619974773,2.0007459737720863,2.4045337565802014,0.6123392975526167,4.071962233006665,3.459622946580251,1.1439398361215543,1.4445046668003934,0.22241331897150607,4.071962233006665,3.8495489152272544,1.3525795263073344,1.7075140206258612,0.30629441104303945,4.071962233006665,3.765667823155721,2.2675041813381305,2.743436502501684,0.7375689240492496,4.071962233006665,3.3343932970364887,1.961430590293428,2.4510204373824784,1.22401598376007,4.071962233006665,2.8479462607701618,1.071302208147074,1.3782538526115287,0.28156598883895967,4.071962233006665,4.35352823416392,1.0217868752895285,1.3221723231962597,0.022518674910354974,4.071962233006665,4.0944809103012085
2,3,1.5908033103990473,2.081655122680278,0.11539951088002454,4.071962233006665,3.956562728881836,1.5111905423195109,1.8789827962852907,0.44380074065895014,4.071962233006665,3.6281614923477172,1.9371859067874113,2.4190035944555395,0.6115266617334996,4.071962233006665,3.4604355708758034,1.1653809806159514,1.489128493945898,0.39484846236279747,4.071962233006665,3.6771137793858846,1.507221131941047,1.8226917466404378,0.525854929705174,4.071962233006665,3.5461072953542074,1.8472721910006447,2.3059758617289168,0.707316859582773,4.071962233006665,3.3646453714370725,1.9062592223959625,2.4332737821386314,0.45582494300575194,4.071962233006665,3.616137306690216,1.0639054909228711,1.368970451526942,0.19815565945676106,4.071962233006665,3.87380655447642,1.039353525559921,1.3131672097841138,0.0019402714766174611,4.071962233006665,4.070021969477335
3,4,1.6938061078951103,2.1290351465943824,0.3487066455877934,4.071962233006665,3.7232555770874023,1.4828517885781147,1.8568854330747493,0.4455800140099835,4.071962233006665,3.62638223250707,1.9749941458008138,2.4314735826786107,0.6315474776622767,4.071962233006665,3.440414737065633,1.160706736933877,1.469632774004935,0.3149876773553206,4.071962233006665,3.7569745635986327,1.5119566661535404,1.8446702560832984,0.38116894207369434,4.071962233006665,3.690793275038401,1.988571622924011,2.4306525696215324,0.8231658184724164,4.071962233006665,3.2487964097658795,1.7272314611363755,2.206983717789758,0.6055243208206806,4.071962233006665,3.4664379072189333,1.069995659455165,1.3798839054684704,0.01223934052416542,4.071962233006665,4.084201585451762,1.07555328061268,1.3776826920301608,0.3109215207698828,4.071962233006665,4.382883763313293
4,5,1.7922562591063047,2.354838404427273,0.29429640255343026,4.071962233006665,3.777665832837423,1.3848646079133031,1.704205942949223,0.528817642946751,4.071962233006665,3.543144588470459,2.057472010600218,2.5049886056385486,0.8378961893118535,4.071962233006665,3.2340660309791565,1.1545489993971152,1.4798035307827384,0.30047129414450247,4.071962233006665,3.7714909331003823,1.4676808727890789,1.8004821225817038,0.4883855951028182,4.071962233006665,3.5835766410827636,2.151027957791923,2.689791303655389,0.8219889480071378,4.071962233006665,3.2499732812245687,1.7880474530565198,2.233398677809707,0.8202366364198044,4.071962233006665,3.2517255942026773,1.0792254852106675,1.3715101949455542,0.048501034199905035,4.071962233006665,4.023461203575135,1.0416066576000844,1.3524809235334567,0.06460652989120419,4.071962233006665,4.007355701128642
5,6,1.5490026206063245,2.0002179203034784,0.13319051903457568,4.071962233006665,3.9387717127799986,1.410441502478557,1.7527366939944755,0.459448444068145,4.071962233006665,3.612513767083486,2.0134247659652473,2.5027716355483824,0.9325439942078901,4.071962233006665,3.13941823164622,1.2451123127684218,1.574017865804088,0.4045398962693527,4.071962233006665,3.667422324816386,1.4752342774929734,1.8470419440678045,0.5311339819627121,4.071962233006665,3.540828237533569,1.9012367825290197,2.418713023646926,0.6125842742321006,4.071962233006665,3.4593779619534812,1.7545667981973225,2.1205259701098607,1.2391371917920422,4.071962233006665,2.8328250416119896,1.0936919584683586,1.4087464363931883,0.1552035288211817,4.071962233006665,3.9167587169011435,1.0344726711756649,1.3316738893268594,0.1680134546560934,4.071962233006665,4.2399756733576455
6,7,1.7633507311080916,2.3934776032834564,0.22382706008326148,4.071962233006665,3.8481351645787556,1.4023716588202568,1.835876358101132,0.4520611838695521,4.071962233006665,3.619901048342387,1.974602702917401,2.485570936286041,0.6776274597840621,4.071962233006665,3.394334766070048,1.1816334596467208,1.4940230571470048,0.37317038975130634,4.071962233006665,3.698791847229004,1.4536107768721147,1.8271415955651742,0.4501519421932212,4.071962233006665,3.6218103043238323,2.032826827484012,2.6622698487017327,0.2868691396909071,4.071962233006665,3.785093080997467,1.6951995011295538,2.201395749263451,0.5223034950293215,4.071962233006665,3.5496587419509886,1.087193514854534,1.3921811189291189,0.12321545523376409,4.071962233006665,3.9487467638651528,1.0360886240888005,1.329204267665195,0.17478141584027718,4.071962233006665,4.246743634541829
7,8,1.7112063397171036,2.2675546189578504,0.36562834145596756,4.071962233006665,3.7063339018821715,1.5133051386109257,1.8836215185022247,0.43196795386047304,4.071962233006665,3.6399942898750304,1.9574872292255372,2.492078224386362,0.7558590479887637,4.071962233006665,3.3161031866073607,1.1634558817630272,1.4783020134185725,0.3898695294258112,4.071962233006665,3.682092701594035,1.3754858869080533,1.7801140596289744,0.4757408940987897,4.071962233006665,3.596221338113149,1.728108722954538,2.1878350970378513,0.27827261211446075,4.071962233006665,3.793689626057943,1.7222574121001826,2.258255215858783,0.7649258748886103,4.071962233006665,3.3070363624890646,1.0881057585055085,1.3868982398514211,0.09225465256004384,4.071962233006665,4.164216893513998,1.0380087702948735,1.3314449685578025,0.08820943158836281,4.071962233006665,3.9837527974446614
8,9,1.6928896790193881,2.175751681061775,0.11911954782377787,4.071962233006665,3.9528426734606423,1.467683549552525,1.8444106635845492,0.4660462204811089,4.071962233006665,3.6059160153071086,2.126643224174774,2.65025959045949,0.6302567843791955,4.071962233006665,3.441705439885457,1.2031806057475998,1.5453190194286932,0.43517531198234494,4.071962233006665,3.6367869170506797,1.500858788767783,1.9164315160035787,0.6483313596444442,4.071962233006665,3.423630865414937,1.968630517598632,2.4648044599041232,0.7269353461461376,4.071962233006665,3.345026888847351,1.6734724217583854,2.086236867528053,0.8513635212378814,4.071962233006665,3.220598708788554,1.0760514779945844,1.4013686256776063,0.08753226476936415,4.071962233006665,4.159494481086731,1.0429322074808798,1.3664564573574818,0.20416869046262054,4.071962233006665,3.867793550491333
9,10,1.7828085858227254,2.3148471046379924,0.1590254867272689,4.071962233006665,3.91293673992157,1.3723742168140578,1.7401744931508663,0.5238903649843842,4.071962233006665,3.5480718557039896,2.2963479397845146,2.91056679801973,0.7425301065243395,4.071962233006665,3.329432130654653,1.1422457864813584,1.4799883997827425,0.3437673032479598,4.071962233006665,3.7281949090957642,1.3248475618853146,1.670983571882315,0.32150537850430716,4.071962233006665,3.7504568560918172,1.9147160642129128,2.367888768588344,0.5451798085567465,4.071962233006665,3.526782427628835,1.6870563470476216,2.1175675604509836,0.41096998653780537,4.071962233006665,3.6609922512372335,1.064345781555573,1.3854574061982077,0.06625635824572207,4.071962233006665,4.005705897013346,1.0413588858106062,1.3529977713128516,0.15521110973726815,4.071962233006665,3.9167511145273846
10,11,1.6295778265946301,2.2055272571099054,0.2197733615037909,4.071962233006665,3.8521888732910154,1.3824126596724116,1.7457872077806442,0.5206568801598861,4.071962233006665,3.551305341720581,2.1192766421235025,2.5691460174914353,0.6670678935644143,4.071962233006665,3.404894343217214,1.1796394069485887,1.5016596946701435,0.3757415652470901,4.071962233006665,3.696220664978027,1.4179550519836661,1.7850608797322005,0.6183925477859491,4.071962233006665,3.4535696856180826,2.0974048264204876,2.611185733511233,0.7811135530667617,4.071962233006665,3.2908486890792847,1.6939317196690675,2.210417906625671,0.5933798011339815,4.071962233006665,3.478582440217336,1.0566554329099973,1.3445545914942756,0.19539284426002546,4.071962233006665,4.267355090777079,1.062460557919667,1.3556144391628877,0.1746129147015898,4.071962233006665,4.246575161616008
11,12,1.6071894272156333,2.0657861231568204,0.47263949753812096,4.071962233006665,3.5993227489789326,1.5697171114508843,1.922332294656203,0.3634977726337425,4.071962233006665,3.7084644492467245,2.265904577112745,2.7235365664644737,0.609304659386189,4.071962233006665,3.4626575676600138,1.2538367578844547,1.5796157463797609,0.4992374412414544,4.071962233006665,3.5727248001098633,1.4583975803334903,1.8437021796464355,0.46548606715571017,4.071962233006665,3.6064761606852214,2.0015706669288558,2.5321870832901037,1.0212358625925693,4.071962233006665,3.0507263803482054,2.0187794903214815,2.508047886747522,1.3703473901944472,4.071962233006665,2.7016148535410562,1.078570413184174,1.3825978241722052,0.08435373701680593,4.071962233006665,4.156315973599752,1.036676325817997,1.3328514204532553,0.13350466531486438,4.071962233006665,3.938457581202189
12,13,1.5887422396809805,2.0225578329686367,0.2643110017177577,4.071962233006665,3.80765123685201,1.4693790941731857,1.7892297290541002,0.421337030350875,4.071962233006665,3.6506251978874205,2.1318793567552174,2.645756204244177,0.5703522479729961,4.071962233006665,3.5016099850336713,1.2398971470078852,1.5667738919547505,0.405186492621612,4.071962233006665,3.666775728861491,1.506070177932691,1.9027409250130902,0.7699088237878793,4.071962233006665,3.3020534046490986,2.011773036299378,2.5870932036175738,0.7387329320308678,4.071962233006665,3.333229304154714,1.791214681514229,2.3518852472411513,1.0724287522034954,4.071962233006665,2.999533490339915,1.0698987069835433,1.3733962013326981,0.18232918538678522,4.071962233006665,4.254291397730509,1.0284443984546154,1.3317809329867938,0.106589002987036,4.071962233006665,4.178551239967346
13,14,1.6797063901016285,2.2209789151659556,0.047871895253371655,4.071962233006665,4.0240903290112815,1.4101931244076922,1.7681736327955517,0.4487798853911076,4.071962233006665,3.623182338078817,1.9936907075607488,2.448746548780549,0.6975662007130299,4.071962233006665,3.3743960237503052,1.1828893313011852,1.4654197548630794,0.27762899758389725,4.071962233006665,3.794333233833313,1.5721663889549105,2.012401667795945,0.575256726364008,4.071962233006665,3.4967055050532023,1.797635515115345,2.283848882436559,0.8250569208658849,4.071962233006665,3.2469053149223326,1.7934134048383965,2.241132642300728,1.0930330773390446,4.071962233006665,2.9789291604359946,1.10963060639127,1.4405837173032527,0.18957219086062027,4.071962233006665,3.882390030225118,1.028767364517376,1.3227116486455126,0.04754352531801764,4.071962233006665,4.024418706893921
14,15,1.7996813542479906,2.396305989329768,0.4709741997914625,4.071962233006665,3.600988041559855,1.4810192888112779,1.8119719695938057,0.3843178037998194,4.071962233006665,3.6876444387435914,2.0787562303007827,2.5889725837983204,0.6090123590029393,4.071962233006665,3.4629498704274497,1.1562138810698248,1.453924122976071,0.14855808776588386,4.071962233006665,3.923404140472412,1.34555093028707,1.7310418933482592,0.24805901966463662,4.071962233006665,3.8239032284418744,1.9236852309171277,2.511644994005355,0.7174195178545628,4.071962233006665,3.354542702039083,1.7109889969866534,2.2162757399250834,0.8298195334471377,4.071962233006665,3.242142693201701,1.0772208544940332,1.386796088780381,0.14626117028821373,4.071962233006665,4.218223404884339,1.0163996261385009,1.3217423289546284,0.005462316255061772,4.071962233006665,4.077424561182658
15,16,1.8259548474549934,2.4248518057440216,0.23803645890922454,4.071962233006665,3.833925782044729,1.5718688081686363,1.9598922083562185,0.6040748592413578,4.071962233006665,3.467887369791667,2.021577696402727,2.480147799481218,0.8237401370403283,4.071962233006665,3.248222080071767,1.1825258872117452,1.4809990416511192,0.35611698271802217,4.071962233006665,3.7158452320098876,1.4140579763213394,1.826989138720746,0.4139530400630944,4.071962233006665,3.6580091857910157,1.88252830589309,2.3246323843763257,0.5871339190202072,4.071962233006665,3.484828318754832,1.8789136222081075,2.404411825199862,1.1092906367974593,4.071962233006665,2.9626715914408366,1.085596966597351,1.390260999856232,0.1538439408742276,4.071962233006665,4.225806186993917,1.0666339311001478,1.35157665297255,0.024098430057653886,4.071962233006665,4.096060640017192
16,17,1.7472150278045642,2.2622571675946594,0.2809286928372692,4.071962233006665,3.791033546924591,1.5079076294917186,1.9063546057626921,0.34701747379671666,4.071962233006665,3.7249447536468505,1.9754566707508177,2.4802340788332167,0.5119461459117245,4.071962233006665,3.5600160813331603,1.2045444969876773,1.5116557481448434,0.42645285091768814,4.071962233006665,3.645509386062622,1.5039597205470903,1.8702570411976918,0.3984529817300153,4.071962233006665,3.67350927511851,2.0751269365756166,2.6132716949679233,0.9986660685337694,4.071962233006665,3.0732961694399514,1.899997030856398,2.4295766602849134,0.7698931149837485,4.071962233006665,3.3020691140492757,1.086907171673029,1.41056482503429,0.13441325865160536,4.071962233006665,3.9375489648183186,1.0561047313381102,1.3450298702707006,0.11781157853177326,4.071962233006665,3.954150646527608
17,18,1.6841305585745536,2.1577295597228603,0.3174764987028751,4.071962233006665,3.7544857358932493,1.504182347953719,1.8635252462617264,0.44254953545303266,4.071962233006665,3.629412690003713,1.9186733020221634,2.3747671937517056,0.7740776145654036,4.071962233006665,3.2978846192359925,1.191239022387334,1.5252810132528183,0.44226617219022035,4.071962233006665,3.629696060816447,1.4245324927497458,1.736392212912376,0.6781953299241379,4.071962233006665,3.393766911824544,2.27077581469392,2.7594569310661203,1.3635917955832793,4.071962233006665,2.7083704320589703,1.7137007661728918,2.219098871824564,0.7269511457480107,4.071962233006665,3.3450110872586567,1.0749624171864063,1.39406773197094,0.04493520377108329,4.071962233006665,4.116897438367208,1.0217559037584174,1.3148315464316227,0.04601072829933095,4.071962233006665,4.025951491991679
18,19,1.5288360330319628,1.9661044469550286,0.34037199042212096,4.071962233006665,3.7315902400016783,1.4906414693626853,1.8635030051270254,0.29852052015037467,4.071962233006665,3.7734417215983074,1.9585595220222736,2.365475196341944,0.9544101161953917,4.071962233006665,3.117552116711934,1.1953324407328652,1.527279920611548,0.5611680571434015,4.071962233006665,3.5107941834131875,1.4886632836690958,1.8907558870797976,0.44313396197528787,4.071962233006665,3.6288282680511474,2.168695784627838,2.616834650473943,0.7707880268690102,4.071962233006665,3.3011742067337035,1.6748866438023453,2.1839112060602144,0.4247604599294177,4.071962233006665,3.6472017685572307,1.086919730689619,1.3929893163009364,0.02939455868771823,4.071962233006665,4.042567680676778,1.0307522118447352,1.3328728093282765,0.04936726214459686,4.071962233006665,4.022594966888428
19,20,1.72058222381895,2.19908736314499,0.2622967194713266,4.071962233006665,3.8096655241648354,1.6036657873906162,1.9942839356151498,0.5456829838153832,4.071962233006665,3.526279236475627,2.116123277212031,2.5833678186541604,0.537718693236223,4.071962233006665,3.5342435614267984,1.1845184090334202,1.481773531878799,0.3689947033124281,4.071962233006665,3.702967527707418,1.5965494371370805,1.9951417386717276,0.4161977658864968,4.071962233006665,3.65576447168986,1.727217242210969,2.1414668620660797,0.4136735665994,4.071962233006665,3.658288660844167,1.7867272340283473,2.137653520364138,1.0546284826792394,4.071962233006665,3.0173337324460348,1.0844179068416138,1.4005618628412486,0.09078503567009033,4.071962233006665,4.162747265497844,1.0430176594180811,1.331723231195379,0.06059087552655651,4.071962233006665,4.132553122838338
20,21,1.6577306292206575,2.128804461230067,0.11158901772867758,4.071962233006665,3.96037321805954,1.4878661766105064,1.86165707422747,0.4734312200742079,4.071962233006665,3.5985310220718385,2.1411427835444714,2.666474488219018,0.5985925440189352,4.071962233006665,3.473369692961375,1.1866301717200727,1.5236893859604592,0.5448682153420759,4.071962233006665,3.527094030380249,1.5653834150763226,1.9503658729599145,0.7113185751633955,4.071962233006665,3.360643664995829,2.0040214191322216,2.605528898836914,0.9317374154127749,4.071962233006665,3.140224814414978,1.7957601601230666,2.3147697089938863,0.8944663961924229,4.071962233006665,3.1774958340326944,1.0703112120554805,1.3635465565402543,0.0054894042210893446,4.071962233006665,4.066472827593485,1.0339766222522935,1.3284042561033416,0.16956279955278974,4.071962233006665,3.902399427096049
21,22,1.8870921368365112,2.4102652929385173,0.6014583532211297,4.071962233006665,3.4705038913091024,1.432687773215001,1.7913771922705939,0.3195891062614433,4.071962233006665,3.7523731231689452,1.8938816632455988,2.400167345151635,0.5739142947094753,4.071962233006665,3.4980479439099628,1.1400756368858609,1.440273634568356,0.1405313027100874,4.071962233006665,3.93143093585968,1.4945994592496463,1.8713601123861026,0.19474227271448719,4.071962233006665,3.8772199646631877,2.043020056489196,2.5485963332532875,0.3328732542392725,4.071962233006665,3.7390889676411945,1.5940203823505055,2.0933561575319852,0.21025917055180798,4.071962233006665,3.8617030429840087,1.061707807843641,1.3703304369912495,0.022889941950352544,4.071962233006665,4.049072292645772,1.0293328767513257,1.3269244379554404,0.1633911089298241,4.071962233006665,3.9085711177190143
22,23,1.7580419805233802,2.306848896604405,0.29741575680147747,4.071962233006665,3.77454647620519,1.2942951660902455,1.6173970677919949,0.5158536052899669,4.071962233006665,3.556108627319336,1.923841878725402,2.495934251691592,0.672770432650756,4.071962233006665,3.3991917912165324,1.2925215155392262,1.6264658496777724,0.5276845556693388,4.071962233006665,3.5442776775360105,1.513751681701768,1.9517837219824612,0.7095530597564692,4.071962233006665,3.3624091577529907,2.1042324211169134,2.6512509102659476,1.0459771307505283,4.071962233006665,3.0259851018587747,1.9181560520693566,2.350168537743886,1.4492807567315413,4.071962233006665,2.6226814738909403,1.0767625774963248,1.381199407103653,0.08904352269541338,4.071962233006665,3.9829187234242758,1.0507047439324735,1.346741646491835,0.1872748863892868,4.071962233006665,3.8846873394648234
23,24,1.8113164539720046,2.3266774779213195,0.22551530442606538,4.071962233006665,3.846446940898895,1.4803634518528765,1.9058051746755515,0.3973757783767695,4.071962233006665,3.6745864582061767,2.0717109878811204,2.596259319641919,0.7870804472215087,4.071962233006665,3.284881801605225,1.202344286511002,1.4981166390809475,0.3958931784030906,4.071962233006665,3.6760690514246623,1.52550934049568,1.8718396031148439,0.4248263633447005,4.071962233006665,3.6471358648935954,2.099443961534049,2.681795925683542,0.707587777197074,4.071962233006665,3.364374461174011,1.8225478078147577,2.298160347868365,0.6475710316694889,4.071962233006665,3.4243912156422933,1.063638207868843,1.360084190929825,0.0022251856522874647,4.071962233006665,4.069737040201823,1.116304056412517,1.455549768534082,0.05070266447435934,4.071962233006665,4.021259558995565
24,25,1.5528662362457146,2.06113191641674,0.1502528619570418,4.071962233006665,4.222215092976888,1.5606854177955354,1.9120797541015608,0.5467624410189305,4.071962233006665,3.52519979874293,1.8511331258929924,2.3193385074580912,0.7537887035009376,4.071962233006665,3.3181735340754193,1.134624100896702,1.4850994363095165,0.36784070255330326,4.071962233006665,3.704121529261271,1.5414219003928409,1.946839774426291,0.3217296207146956,4.071962233006665,3.7502326019605,1.9560369677351723,2.418636783136663,0.5768047046857192,4.071962233006665,3.4951575295130413,1.504670458497408,2.0403608732345693,0.248733829676818,4.071962233006665,3.8232284069061278,1.0901495438119715,1.4053993507705442,0.13891614951718712,4.071962233006665,4.210878405570984,1.0617493302676604,1.3573002641461438,0.0391094688770286,4.071962233006665,4.032852760950724
25,26,1.6073723905218464,2.108925718903194,0.5741257739262893,4.071962233006665,3.4978364555040997,1.4084058725172104,1.7597695393270696,0.7219383510149631,4.071962233006665,3.350023895899455,2.048574812733182,2.5625215414067424,0.6718771263159429,4.071962233006665,3.4000851122538247,1.1384852101747132,1.4630450385983675,0.2759978819089248,4.071962233006665,3.7959643507003786,1.4306437889413695,1.8433290910463498,0.4741321595705661,4.071962233006665,3.5978300738334656,2.1946515288661055,2.7483408843425354,0.5751490112341555,4.071962233006665,3.4968132185935974,1.7149489029616651,2.1603035969923168,1.0163757296599063,4.071962233006665,3.05558650414149,1.1013180748440883,1.3909330410404153,0.09712588824857171,4.071962233006665,4.169088123639424,1.0313126483072823,1.3481140458014327,0.09413244209658211,4.071962233006665,3.9778297917048135
26,27,1.562275953382352,2.0357463177955433,0.46227494162292393,4.071962233006665,3.6096872878074646,1.5820400913736823,1.8987000767411408,0.5532843021747582,4.071962233006665,3.5186779069900513,2.0868269145802714,2.600740279454399,0.8710562654532108,4.071962233006665,3.2009059604008994,1.1195159890491373,1.4183586767301561,0.3092030008829747,4.071962233006665,3.7627592293421426,1.4414895758116602,1.7993117579606719,0.3781856696006769,4.071962233006665,3.693776563803355,2.201765531985536,2.8588518575865884,0.24476979662449283,4.071962233006665,3.827192449569702,1.7390800028391278,2.3003129336779113,0.47402713251085205,4.071962233006665,3.5979350932439167,1.0858392167541968,1.3822363711608088,0.1879959746397648,4.071962233006665,3.8839662663141885,1.0511111228874055,1.3441993217812813,0.10417972447446111,4.071962233006665,3.967782514890035
27,28,1.5577995703127507,2.0540874208443456,0.1823419982390715,4.071962233006665,3.8896202437082925,1.3771693002081553,1.7189559649144075,0.44368729672800633,4.071962233006665,3.6282749382654824,2.1236240616347675,2.714954628636077,0.5529068962928765,4.071962233006665,3.519055327574412,1.1755704688336897,1.4862523424323923,0.4051001016494742,4.071962233006665,3.6668621253967286,1.4304424278138572,1.775885016087375,0.48815714162559454,4.071962233006665,3.58380508740743,2.092531084992324,2.6077565279946544,0.5879129067259146,4.071962233006665,3.48404932975769,1.772326777374279,2.269920734691213,0.7417145562367748,4.071962233006665,3.3302476755777994,1.0630661275598154,1.361388974094179,0.1236688895824436,4.071962233006665,4.195631120999654,1.0600181559789994,1.3740604822922047,0.04434795500806121,4.071962233006665,4.027614302635193
28,29,1.6539116620760277,2.1053618661497637,0.09319181861451398,4.071962233006665,3.9787704133987427,1.486478585655112,1.9332971321014965,0.4816846362945548,4.071962233006665,3.590277596314748,1.9878963849354454,2.4372491177465934,0.7982377076344802,4.071962233006665,3.2737245281537373,1.1769084803576175,1.4959517650357983,0.4066027979251854,4.071962233006665,3.665359443028768,1.4151636399086636,1.8023617115403463,0.6448395494815817,4.071962233006665,3.4271226795514425,1.9185742287459178,2.4480911906636433,1.000802994588724,4.071962233006665,3.071159233649572,1.666279770208991,2.103794132942082,0.6176172489123655,4.071962233006665,3.4543449783325197,1.0923688459333796,1.3871392973049814,0.12296730953483692,4.071962233006665,4.194929536183675,1.0383638978277232,1.3398435513729583,0.05010477425626014,4.071962233006665,4.021857450803121
29,30,1.8767893080033602,2.499372071996078,0.0129415514267599,4.071962233006665,4.059020676612854,1.3837203935522018,1.7615391953813442,0.429690018117141,4.071962233006665,3.6422722069422404,2.079231289766658,2.6370869298360176,0.8111629139579448,4.071962233006665,3.2607993189493816,1.2083281904768524,1.528034266579514,0.41583029470812427,4.071962233006665,3.656131944656372,1.4608872961151755,1.8489138515935604,0.514569087048085,4.071962233006665,3.557393134435018,2.0486591632817737,2.523939805357278,0.7124960784313195,4.071962233006665,3.359466154575348,1.7844488881163851,2.364542407166581,0.034590042253048736,4.071962233006665,4.037372212409974,1.0597096725276371,1.3720567328646087,0.17464410744082048,4.071962233006665,3.8973181184132892,1.0413128734627375,1.3409154737062534,0.03941025573043877,4.071962233006665,4.111372489929199
30,31,1.7546104216252594,2.2079976767002774,0.6726098207828515,4.071962233006665,3.399352416197459,1.36705454744822,1.6996112130538117,0.3380839443402599,4.071962233006665,3.733878283500671,1.9944028031663106,2.446894177329232,0.8061420627630862,4.071962233006665,3.265820164680481,1.1843197544639303,1.5059296339382684,0.4151894537803642,4.071962233006665,3.6567727756500243,1.4322317199649641,1.8524754733440836,0.5020734107690168,4.071962233006665,3.5698888238271076,1.9943716890868777,2.4569732491468317,0.8236780878103884,4.071962233006665,3.248284168243408,1.6335790873738578,2.23992113987158,0.5888442958093796,4.071962233006665,3.483117944399516,1.0834378951725545,1.3909682510787105,0.025297715286127342,4.071962233006665,4.046664508183797,1.0367334237816406,1.32749593474068,0.04092119258613547,4.071962233006665,4.031041040420532
31,32,1.61646705185765,2.115052981549604,0.2416258835988354,4.071962233006665,3.83033634742101,1.499285850587211,1.907885794480755,0.5635858126677187,4.071962233006665,3.508376415570577,1.9997421249289622,2.5245978982899917,0.9160545152621582,4.071962233006665,3.155907726287842,1.1832994919195456,1.5096178650912893,0.19722999733657787,4.071962233006665,3.874732247988383,1.4655166029150182,1.8373387280435725,0.500667457600148,4.071962233006665,3.57129478931427,1.9594957412161587,2.5712714273272637,0.5156931388573955,4.071962233006665,3.556269101301829,1.6216620514997915,2.05422127235817,0.6083573289908082,4.071962233006665,3.463604893684387,1.0626302165699337,1.3689470013899876,0.14142145278027796,4.071962233006665,3.9305407698949177,1.0326679447861506,1.320617857857179,0.0164462009869899,4.071962233006665,4.0884084304173784
32,33,1.6114938356562039,2.1225257155535897,0.33805999598871805,4.071962233006665,3.733902227083842,1.5640573713495751,1.9813002589665691,0.7884462551471705,4.071962233006665,3.283515982627869,2.025387380004971,2.5722868369701777,0.9268966786262505,4.071962233006665,3.1450655404726664,1.2186258837144808,1.5272192545603813,0.39695433777542055,4.071962233006665,3.6750078932444254,1.4477750999637828,1.8449347318234512,0.4433945667939496,4.071962233006665,3.628567663828532,2.055659843324405,2.6750440021842383,0.7383010183222205,4.071962233006665,3.3336612065633138,1.8858680360267954,2.3916729960814203,0.9961238245365136,4.071962233006665,3.0758384116490682,1.072596270893958,1.3828520093818095,0.0711278235716506,4.071962233006665,4.14309004465739,1.0379022862699814,1.321676445077633,0.1056427856090556,4.071962233006665,4.177605034510295
33,34,1.6434600906695376,2.217722981665214,0.06052275361588766,4.071962233006665,4.011439483165741,1.539910568145547,1.9588729021249158,0.6487413136360161,4.071962233006665,3.423220924536387,1.9953527717518311,2.477670367515736,0.9227453303532913,4.071962233006665,3.149216888745626,1.239066839604985,1.580471644250539,0.6056438791947674,4.071962233006665,3.4663183561960857,1.5360802183914293,1.8941542799382731,0.6173282198307031,4.071962233006665,3.4546340115865073,2.138128976718448,2.643859229513742,0.8999158712423951,4.071962233006665,3.172046365737915,1.7959401933258612,2.2905580067412528,0.9782666365501398,4.071962233006665,3.093695595264435,1.1047314344071573,1.416411973584067,0.121789584537634,4.071962233006665,4.193751799265543,1.0805079739579542,1.3809252043024083,0.03899675327568097,4.071962233006665,4.110958981513977
34,35,1.7870053663469636,2.3643673506301215,0.08426645002733801,4.071962233006665,3.9876958020528157,1.4874404737754545,1.9304357931634337,0.26592970691095896,4.071962233006665,3.806032517751058,2.009759276730338,2.576680923617965,0.8324363452391936,4.071962233006665,3.2395258808135985,1.1376413343718879,1.4490904474945234,0.3553460844553622,4.071962233006665,3.7166161584854125,1.4320469513859038,1.8158646548635975,0.46631941479415806,4.071962233006665,3.605642815430959,1.867801104983858,2.4129549490453805,0.7340449581242714,4.071962233006665,3.337917273839315,1.6676120768914382,2.25294741478713,0.3603233134942365,4.071962233006665,3.7116389067967734,1.082037304592867,1.3880646319197036,0.08085342607866863,4.071962233006665,3.9911087958017983,1.0404582864901397,1.3478637347373832,0.1994252030250543,4.071962233006665,3.872537048657735
35,36,1.6190813591710291,2.0630557652070354,0.10168622257283477,4.071962233006665,3.970276002883911,1.456625004147093,1.7973796986341102,0.43743921997121094,4.071962233006665,3.634523015022278,1.960617291900172,2.413213327575439,0.5633985976573936,4.071962233006665,3.5085636528333026,1.1755333669128851,1.5011781005423714,0.5256435541507716,4.071962233006665,3.5463186740875243,1.4999985213455802,1.9250211506598154,0.5812735633251185,4.071962233006665,3.490688672065735,2.286407981823684,2.7976769093606806,0.9865581689474099,4.071962233006665,3.0854040694236757,1.6291027378967806,2.1198239711441906,0.5231278454459818,4.071962233006665,3.5488343826929727,1.0665225792603812,1.368116775626645,0.007058370530318214,4.071962233006665,4.0649038585027055,1.0270389541013554,1.3342756457241698,0.1353977938297275,4.071962233006665,4.207360008557638
36,37,1.7632358496849039,2.258279182889126,0.6747320127682999,4.071962233006665,3.3972302174568174,1.511101356113787,1.8842316936959749,0.4637441035307561,4.071962233006665,3.6082181199391683,2.0592783226322675,2.6932324058516572,0.5618735955354683,4.071962233006665,3.510088645617167,1.1470409260696597,1.4631205271716277,0.3169286378420506,4.071962233006665,3.7550335852305095,1.3957822269516984,1.7215795490213373,0.431501560230763,4.071962233006665,3.640460684299469,2.0311447491181056,2.4430699070396735,0.7700727637804659,4.071962233006665,3.3018894656499227,1.6939612853164911,2.1405995558760296,0.6246784389214826,4.071962233006665,3.447283801237742,1.0608064453895796,1.3680833718084655,0.12645890476277577,4.071962233006665,3.9455033413569134,1.0116599488169804,1.3360596942867762,0.05957889360160795,4.071962233006665,4.012383351325989
37,38,1.4704932158806334,1.955247550148957,0.47207676849733904,4.071962233006665,3.5998854645093283,1.5236062000332542,1.9072918127954597,0.5271961780584964,4.071962233006665,3.544766054948171,2.316479087560915,2.875314450876324,0.7555008324183139,4.071962233006665,3.316461408933004,1.223264430917823,1.5611635638577888,0.546738082587432,4.071962233006665,3.525224151611328,1.6351977548342769,1.9999634687574581,0.7208521131870262,4.071962233006665,3.3511101166407267,1.8706160723634844,2.3421534944603306,0.6888319903807951,4.071962233006665,3.383130213419596,1.5927399957808843,2.0866199679898783,0.24568010769259052,4.071962233006665,3.826282112598419,1.0643156914540082,1.360883690906342,0.07912982664476953,4.071962233006665,3.992832406361898,1.0158244993043613,1.307313026527127,0.10726937252311775,4.071962233006665,4.179231581687927
38,39,1.6061707257843318,2.0675964761091947,0.042274921914228436,4.071962233006665,4.114237138430277,1.3572922807890395,1.7201481443067277,0.39935006501248616,4.071962233006665,3.6726121711730957,1.880509167141103,2.414888288678255,0.5469485140042614,4.071962233006665,3.525013729731242,1.2258819777284387,1.5444758231928548,0.3863612715599052,4.071962233006665,3.685600970586141,1.434637738716697,1.8332690067203412,0.34659884097150107,4.071962233006665,3.7253634055455525,1.9687051065578727,2.4364510343437193,0.7634689279593143,4.071962233006665,3.308493305047353,1.817830255702278,2.3025586579189796,1.0359195280270885,4.071962233006665,3.036042709350586,1.088734879548018,1.4120079121450675,0.14894393521576,4.071962233006665,4.220906167030335,1.0406242956305243,1.3613691813959359,0.22384299002062402,4.071962233006665,3.8481192557017008
39,40,1.6808536092268382,2.2132053157439056,0.30909337125193215,4.071962233006665,3.7628688732783,1.5632162345633918,1.9999116809840578,0.5270243080652866,4.071962233006665,3.544937919775645,2.038415081474605,2.6499689152404566,0.9448042941289261,4.071962233006665,3.127157934506734,1.1483095955446094,1.4734296024806166,0.30144622129173193,4.071962233006665,3.7705160077412923,1.479326502668894,1.8201679374664868,0.4301278110541018,4.071962233006665,3.6418344275156658,2.0703961044502703,2.5209421383639334,0.8213070567644749,4.071962233006665,3.250655175844828,1.816511056750549,2.242017016022424,1.1959297557867679,4.071962233006665,2.8760324788093565,1.0711159264034869,1.3885680883749985,0.07766545651385037,4.071962233006665,4.149627691904704,1.0271569728462528,1.3289211684907036,0.047285691519291184,4.071962233006665,4.024676551818848
40,41,1.627496333305578,2.197157806733672,0.17185952979354902,4.071962233006665,4.243821774323782,1.4609898887228367,1.8638697338547836,0.46453872642885763,4.071962233006665,3.60742351770401,1.9038133490526965,2.3535654806589204,0.8263979419889167,4.071962233006665,3.2455643018086753,1.183390627657424,1.4931795753240118,0.33692226848970996,4.071962233006665,3.7350399780273436,1.416632717076078,1.7610025285903044,0.2231336148775731,4.071962233006665,3.8488286288579303,2.226070199243546,2.731389754020029,1.2334802556233715,4.071962233006665,2.838481967449188,1.6774826991993674,2.206333598950419,0.5467907464700055,4.071962233006665,3.5251714777946472,1.1064535278676024,1.3999652888252343,0.22457452295252534,4.071962233006665,4.296536765098572,1.0449334717361212,1.3354626463655312,0.07656117159156839,4.071962233006665,4.148523410161336
41,42,1.8656554784514294,2.4000430416163914,0.09769860980936773,4.071962233006665,4.169660853544871,1.5453094416765214,1.8697338207177496,0.4062309992509201,4.071962233006665,3.6657312313715615,2.069368683142757,2.4766690274915897,0.6533505789634697,4.071962233006665,3.4186116528511046,1.1640096350709168,1.5212265443293884,0.4026687618292484,4.071962233006665,3.6692934894561766,1.486134398046413,1.9660878558338357,0.14303100190531337,4.071962233006665,3.9289312148094178,2.1274229447714323,2.6750763726511195,0.523602279444249,4.071962233006665,3.5483599678675333,1.702101848962794,2.2518575831917067,0.11817725243142396,4.071962233006665,3.953784979979197,1.103560862729612,1.3963848084176578,0.08827600401611235,4.071962233006665,3.9836862309773764,1.0586610353670995,1.3481506473674805,0.04375221051801148,4.071962233006665,4.115714446703593
42,43,1.6997760565667202,2.143173893491991,0.2826178347868611,4.071962233006665,4.354580073356629,1.547996548621226,1.9191753180049684,0.3586508854426058,4.071962233006665,3.7133113527297974,2.0052661860404872,2.482131075146979,0.5620838097927088,4.071962233006665,3.5098784176508584,1.2075671241596255,1.511989388540513,0.2912956810193372,4.071962233006665,3.7806665500005088,1.440981022558608,1.8274713326254552,0.16429824910532576,4.071962233006665,3.9076639811197915,2.069689957803182,2.6134967626277597,0.5395507264333084,4.071962233006665,3.5324115137259167,1.7175093958627046,2.164876144010805,0.8517793158885949,4.071962233006665,3.220182925860087,1.0934860919757472,1.4071703390090338,0.006076500793584572,4.071962233006665,4.078038730621338,1.0417195006065907,1.3374265385166886,0.06213988425305583,4.071962233006665,4.009822344779968
43,44,1.6749246715672488,2.15436389095143,0.1481550415056061,4.071962233006665,3.9238071902592977,1.480582770651941,1.7986410888688502,0.5257091903882336,4.071962233006665,3.546253037452698,1.9251886932724191,2.362864852728574,0.9469218699333184,4.071962233006665,3.125040366649628,1.188915929299211,1.5091933332366672,0.3233713138299299,4.071962233006665,3.7485909207661945,1.4223248722042163,1.8043353941755458,0.4221887374120068,4.071962233006665,3.6497734944025675,2.103889731667967,2.571179861262658,0.6471630652444675,4.071962233006665,3.4247991681098937,1.7436071976746788,2.225165294450528,1.0081358309782655,4.071962233006665,3.063826399644216,1.0792017127246012,1.363058228282991,0.05777163463859658,4.071962233006665,4.1297338660558065,1.0401196969875703,1.3358345171473482,0.03402460378379768,4.071962233006665,4.03793760617574
44,45,1.6794038300471401,2.2234203488870397,0.121353716035971,4.071962233006665,4.193315947850545,1.4704559790247624,1.8330795665269024,0.6740042309162133,4.071962233006665,3.3979579989115396,2.1132518930858053,2.600556750077007,0.7427372523344666,4.071962233006665,3.3292249830563865,1.1985671262537758,1.520700394661293,0.45342882396748774,4.071962233006665,3.6185333983103436,1.3388665970059483,1.6670725186496924,0.5060717046456649,4.071962233006665,3.565890533129374,2.340120184704591,2.914868006089121,0.9230901438193633,4.071962233006665,3.1488720965385437,1.7313379461756695,2.183075305326111,1.0180298944510136,4.071962233006665,3.0539323353767394,1.0588609935747428,1.358237858901964,0.02523444654515483,4.071962233006665,4.046727797190348,1.0322152330418437,1.3192889786508435,0.061389503101221266,4.071962233006665,4.010572724342346
45,46,1.675588280636325,2.1651467559337623,0.4833593710459385,4.071962233006665,3.588602860768636,1.450423888835353,1.8170984939822437,0.47325580797564104,4.071962233006665,3.5987064107259115,1.9524670857007334,2.586485541632309,0.5712031460004163,4.071962233006665,3.500759084224701,1.2326935843942728,1.5484159482167277,0.4827463038958224,4.071962233006665,3.5892159191767377,1.3097144882806109,1.6262975708428913,0.26017353457183745,4.071962233006665,3.8117886861165364,1.9281662592495585,2.4823366365207775,0.37293220800132687,4.071962233006665,3.6990300329526264,1.684178258282474,2.175661386116359,0.41408307594032223,4.071962233006665,3.6578791721661887,1.055491133269033,1.370456099488151,0.014701091428884538,4.071962233006665,4.086663338343302,1.0425209187773414,1.3484528831039608,0.14977110904426505,4.071962233006665,3.9221911239624023
46,47,1.6450501657890504,2.1235907303281683,0.19080307525367646,4.071962233006665,3.8811591521898907,1.4721540783686524,1.8579184212436224,0.5682964396672561,4.071962233006665,3.5036657873789467,1.9430305916489996,2.4083301280962477,0.5466188802517564,4.071962233006665,3.525343358516693,1.1832512446381702,1.5041890200736003,0.36513120573730395,4.071962233006665,3.7068310228983563,1.3742436428642217,1.6788179471783333,0.4934465893305453,4.071962233006665,3.578515650431315,2.087037337952789,2.543496152812564,1.0769518323935183,4.071962233006665,2.9950104077657063,1.9143003376334626,2.4129777842319817,1.0269182543155662,4.071962233006665,3.0450439755121868,1.0616341414628214,1.365549249223974,0.10846708776524805,4.071962233006665,3.9634951527913413,1.0323169366057843,1.3378659773534907,0.09548177840283634,4.071962233006665,3.9764804633458457
47,48,1.6717551646326372,2.1619361888730517,0.4554603791432692,4.071962233006665,3.6165018407503764,1.3874568834889984,1.7112612907462963,0.4444348160621634,4.071962233006665,3.6275274181365966,1.9426313278825318,2.5524089131293777,0.46402221900196006,4.071962233006665,3.607940005461375,1.1594100750098841,1.4709956736167664,0.14633306902618326,4.071962233006665,3.9256291643778485,1.540763874619308,1.9164937764165308,0.1084105227586738,4.071962233006665,3.963551712036133,2.0565188076988776,2.6027323892911247,0.15273509444764377,4.071962233006665,3.9192271208763123,1.845307156428333,2.3600084347097465,0.9460551138914739,4.071962233006665,3.1259071159362795,1.0609969411106686,1.3747116154705048,0.1307536975738519,4.071962233006665,3.941208534240723,1.0315804069586807,1.3306042241337759,0.026077582021841295,4.071962233006665,4.098039817810059
48,49,1.8146725302053395,2.3179147786767933,0.34533166470101584,4.071962233006665,3.7266305836041766,1.4530274564484895,1.8276598261986914,0.46494060200424103,4.071962233006665,3.6070216194788616,1.9689103701449968,2.527700711741078,0.6581101105806342,4.071962233006665,3.4138521512349445,1.1605481078068858,1.4897378176548952,0.3905250477986648,4.071962233006665,3.6814371887842814,1.531740074953776,1.9295114257998764,0.7038286741770419,4.071962233006665,3.3681335576375324,2.1617156654564,2.667334812833866,1.1065255530871068,4.071962233006665,2.9654366850852965,1.8740667714442762,2.3408351536644036,0.7610440377590173,4.071962233006665,3.310918207168579,1.1615472789541128,1.4562356850555909,0.2865127193731949,4.071962233006665,4.358474928538005,1.0230162114447867,1.321802919457638,0.015462484379322738,4.071962233006665,4.056499733924865
49,50,1.6166875259232492,2.081032094819589,0.056093531430054355,4.071962233006665,4.128055768013001,1.47024313443064,1.8155284396580191,0.5203339648442578,4.071962233006665,3.5516282606124876,2.186909416750479,2.8214411088950535,0.4655463682807599,4.071962233006665,3.6064158789316814,1.1971544979392483,1.4918420814263078,0.3845093365706118,4.071962233006665,3.6874528884887696,1.482364955598213,1.8208837619628337,0.34401950083147614,4.071962233006665,3.7279427274068198,1.9039111543295477,2.4766549588433557,0.5341618381139748,4.071962233006665,3.5378003772099813,1.6548825181754883,2.1876109576244986,0.35639604153207083,4.071962233006665,3.7155661948521934,1.0838521610411282,1.38389691187437,0.11493497727343271,4.071962233006665,4.186897203127543,1.045776354685083,1.3442485258989665,0.06141651672096149,4.071962233006665,4.010545713106791
50,51,1.5567484148783177,2.0855806766401113,0.36281546852957325,4.071962233006665,3.709146765867869,1.4523182273124084,1.8495339324294124,0.33890312951774515,4.071962233006665,3.733059105873108,1.9697843522262268,2.4773228202781197,0.8752460336880996,4.071962233006665,3.196716207663218,1.2068130952220073,1.5219074151460787,0.35877550762863075,4.071962233006665,3.713186731338501,1.3416977311426046,1.682737175488307,0.42997423770001664,4.071962233006665,3.6419879881540935,2.012966554261695,2.540874125386888,0.7077630090909315,4.071962233006665,3.3641992235183715,1.9447367068029788,2.517772965291027,1.207109877685419,4.071962233006665,2.8648523553212484,1.1037527988437514,1.4013180246122932,0.14246222056973856,4.071962233006665,4.214424467086792,1.0558149327672917,1.3662140229935071,0.2090595503843935,4.071962233006665,3.8629026810328164
51,52,1.7544964715413043,2.2285760369560035,0.19098249576460447,4.071962233006665,3.8809797390302023,1.533573916760834,1.935462131594789,0.5701615810590099,4.071962233006665,3.5018006642659505,2.01915517018174,2.517137388419636,0.6967763354576739,4.071962233006665,3.375185895760854,1.2322399021124928,1.5212703610024274,0.4326887802478785,4.071962233006665,3.639273452758789,1.4583045709015499,1.8182420795987109,0.43363453588854384,4.071962233006665,3.6383277050654095,2.05177252514329,2.5204592972595776,0.7376223262346895,4.071962233006665,3.334339915116628,1.8600245036290404,2.2982451022592874,0.5601147035953513,4.071962233006665,3.5118475206693014,1.2025242365298383,1.50546050691436,0.22108734446792688,4.071962233006665,4.2930495770772295,1.033258927055667,1.3244239475904191,0.10091815274925153,4.071962233006665,3.9710440905888875
52,53,1.7145451321266816,2.2787548545628566,0.3724673938947034,4.071962233006665,3.6994948291778567,1.3823887063614162,1.734340526084351,0.5257399968502039,4.071962233006665,3.546222236951192,2.2273815999393864,2.7270502332641793,0.8108166901466363,4.071962233006665,3.26114554643631,1.1670119206926972,1.5039348857003016,0.42559987785390163,4.071962233006665,3.6463623571395876,1.4210810173068626,1.8301477245862552,0.3157040961779267,4.071962233006665,3.756258152325948,2.275345547566243,2.8206624366586452,0.7630342908896122,4.071962233006665,3.308927960395813,1.746811480954696,2.266129371377136,0.5516653947231287,4.071962233006665,3.520296839872996,1.099140601565285,1.4101426035817446,0.060491123974609984,4.071962233006665,4.13245335261027,1.0273314035494285,1.3175366016569556,0.10520320294329366,4.071962233006665,4.177165449460348
53,54,1.603184634029688,2.079661621141329,0.43027538659146547,4.071962233006665,3.6416868495941164,1.3837367874068351,1.7723262061416971,0.4478633372184748,4.071962233006665,3.6240988969802856,2.146065032964262,2.686522466525766,0.646654054740778,4.071962233006665,3.425308188597361,1.1695042424958293,1.487826009228233,0.3597374908325186,4.071962233006665,3.7122247346242268,1.586611117024186,1.9226024083589337,0.5490892867443078,4.071962233006665,3.522872941493988,2.3289158895259665,2.896174969718703,1.027111906230163,4.071962233006665,3.044850328763326,1.626348943375258,2.1621797018554836,0.4871022161043794,4.071962233006665,3.584860005378723,1.0880853490207556,1.4032587073879959,0.06897713540026462,4.071962233006665,4.140939370791117,1.0378236694140313,1.3629499241084169,0.20070347748171402,4.071962233006665,3.871258743604024
54,55,1.7020052990638423,2.256629358970058,0.09966439487508083,4.071962233006665,3.9722978552182515,1.5424763654586962,1.903801016747438,0.5904242615100852,4.071962233006665,3.48153796116511,2.131805802433372,2.6972069055478007,0.8783058476643872,4.071962233006665,3.1936563944816587,1.1840528972377982,1.4790384514769364,0.24377008519541343,4.071962233006665,3.8281921593348187,1.501909234864404,1.9210710344218642,0.7381686012145989,4.071962233006665,3.3337936186790467,2.0570181530406124,2.512115732581252,0.6286187064843487,4.071962233006665,3.4433435185750327,1.6994802200701724,2.230644516614439,0.4346085588333124,4.071962233006665,3.6373536737759906,1.0800840368992606,1.3876366615227398,0.033728224416861075,4.071962233006665,4.1056904602050786,1.051674126516734,1.3379829770403235,0.060009241123707646,4.071962233006665,4.011953001022339
55,56,1.6442094484537018,2.1136835200655577,0.19147568821381666,4.071962233006665,3.8804865169525145,1.6235375906869702,2.016652536872994,0.49932652872772154,4.071962233006665,3.572635703086853,1.9532623736606622,2.5126350317044337,0.6041302267906183,4.071962233006665,3.467832008997599,1.1538587844299601,1.5025467208274454,0.38528495353431635,4.071962233006665,3.686677273114522,1.376282444636305,1.7339583318813134,0.43484658004811516,4.071962233006665,3.6371156644821165,1.8501762296872266,2.3125985533625877,0.6193545663552595,4.071962233006665,3.452607678572337,1.7369543315202607,2.1921964934698646,0.7055082245863589,4.071962233006665,3.36645400762558,1.057111692887077,1.364741946651384,0.10143824777971844,4.071962233006665,3.970523962974548,1.0273395880575444,1.3335725014089255,0.041847118119685334,4.071962233006665,4.113809353510539
56,57,1.8463500025012751,2.3339892304831205,0.11982073825569062,4.071962233006665,3.952141486008962,1.4799003348193407,1.8545211664444263,0.5242748316324861,4.071962233006665,3.547687386671702,1.946532041571902,2.4626236880704786,0.6127140406963343,4.071962233006665,3.459248205025991,1.2360309893188908,1.5632787563077077,0.5793445225752505,4.071962233006665,3.492617712020874,1.4440359072017244,1.8394663545722068,0.5976852524476364,4.071962233006665,3.474276977380117,1.9800268207330778,2.3833726120854166,0.7895903212027862,4.071962233006665,3.282371916770935,1.8342250048246531,2.27574877060321,1.1718697758711492,4.071962233006665,2.900092451572418,1.0825412422422864,1.3799641940257499,0.003569376885604214,4.071962233006665,4.068392856915792,1.0481104822301113,1.3403657361667205,0.18856687825889518,4.071962233006665,3.8833953603108724
57,58,1.6710390306104068,2.144753373216314,0.290149902124913,4.071962233006665,3.7818123372395833,1.3168785436407908,1.7152942550086767,0.30322964113922035,4.071962233006665,3.7687325922648114,2.082495541595564,2.5584029702410063,0.6098928388155613,4.071962233006665,3.462069404919942,1.2274166213248463,1.528777289242285,0.584978208958816,4.071962233006665,3.486984011332194,1.523197156616581,1.8960805140933277,0.6943441180583947,4.071962233006665,3.377618106206258,1.7843863454871838,2.2881688747653013,0.7135336482720684,4.071962233006665,3.3584285831451415,1.78170208483137,2.2403484858535805,0.2826777231889084,4.071962233006665,3.789284506638845,1.0869104008264476,1.3852132983999375,0.02563918548851074,4.071962233006665,4.097601402600606,1.0313863605815983,1.336486683745912,0.08338107150764396,4.071962233006665,3.9885811694463094
58,59,1.7923269504165615,2.3396594551900463,0.5496229740179692,4.071962233006665,3.522339267730713,1.4544391992073138,1.7855070593165323,0.3174151655234012,4.071962233006665,3.7545470563570658,2.188354631518796,2.6831223554269514,0.8772105960247032,4.071962233006665,3.194751645723979,1.2160978624807772,1.5321284584808101,0.37773119332364313,4.071962233006665,3.694231038093567,1.502675588151625,1.9458757049715865,0.8157099926667524,4.071962233006665,3.256252256234487,1.9027715991381284,2.3519256254283625,0.575300904531987,4.071962233006665,3.496661343574524,1.722134127052351,2.1745127097962422,0.9291823248264306,4.071962233006665,3.1427799185117085,1.0840216894641668,1.3942008911825678,0.013215492983372101,4.071962233006665,4.058746747970581,1.0633375466037434,1.3604311515934202,0.1902442101833337,4.071962233006665,3.8817180379231773
59,60,1.584335316771088,1.9868881707698878,0.16618373882741855,4.071962233006665,3.9057785002390544,1.4775193021849937,1.9132674584403164,0.46420303227475435,4.071962233006665,3.607759215037028,1.8944750194855458,2.334339118394679,0.7738697103855126,4.071962233006665,3.2980925277868907,1.1730700943298251,1.4902558582462264,0.36967560015093426,4.071962233006665,3.7022866280873616,1.5580857176455156,1.9842354154129338,0.723255248486709,4.071962233006665,3.3487069972356163,2.3692631554107857,3.0014757847842413,0.9538457131581617,4.071962233006665,3.1181165273984273,2.042667684154976,2.5008261759762127,1.6511242608425132,4.071962233006665,2.420837973753611,1.0896446474024932,1.380629973386815,0.10790096718101605,4.071962233006665,4.179863214492798,1.0276201562347447,1.3258337061571956,0.09758264424374818,4.071962233006665,3.9743795871734617
60,61,1.7227464801629002,2.2967933635538986,0.4631973636346176,4.071962233006665,3.6087648606300355,1.2845470110954054,1.6192610296420986,0.2125816428857159,4.071962233006665,3.8593806060155234,1.9869395373188745,2.4699110732193668,0.6395845270352676,4.071962233006665,3.43237770875295,1.2239348295662718,1.5510350349883943,0.5102996997234337,4.071962233006665,3.5616625261306765,1.412112214608003,1.74381475503842,0.4947821339167269,4.071962233006665,3.577180109024048,2.046045130836491,2.5135827026391215,0.8731303680138898,4.071962233006665,3.198831869761149,1.699722300241056,2.18084352909743,0.23854755761197355,4.071962233006665,3.8334146610895794,1.108732424961288,1.4246121511057073,0.13319798670183758,4.071962233006665,3.9387642478942873,1.0059801965739898,1.3112077764773493,0.03864588699709515,4.071962233006665,4.033316327730815
61,62,1.8996964247018115,2.4005871574857167,0.5498383319573712,4.071962233006665,3.522123909791311,1.6656236319133904,2.0596592350801517,0.47373911541671676,4.071962233006665,3.5982231148084005,1.9427981343061644,2.3969048155635297,0.8285430960056299,4.071962233006665,3.243419137795766,1.150845682430588,1.5057965064893282,0.4594393325047803,4.071962233006665,3.612522889773051,1.389866490914663,1.7454850361413665,0.38329624734293555,4.071962233006665,3.6886659971872966,2.051372095791071,2.6303175435069495,0.8459570106066381,4.071962233006665,3.2260052021344503,1.7931480616125341,2.2994714214051637,0.9861883564985905,4.071962233006665,3.085773867766062,1.062076576974105,1.3602490137655556,0.07663227758776259,4.071962233006665,3.995329955418905,1.0411910358939467,1.3394620513622568,0.08932472668062763,4.071962233006665,3.9826375230153404
62,63,1.677190713669028,2.1650714884185156,0.31796843649914974,4.071962233006665,3.753993810812632,1.4158387081691683,1.752935884413449,0.5003653987444552,4.071962233006665,3.571596835454305,2.000503804702709,2.5363831205414145,1.0431848575867328,4.071962233006665,3.0287773807843528,1.1961138439847536,1.5158466741892205,0.46708199820887186,4.071962233006665,3.6048802455266316,1.5122723034215615,1.9020190038579508,0.7018016608751925,4.071962233006665,3.3701605757077533,2.1091992342142327,2.611035660550033,0.8360167245265955,4.071962233006665,3.2359455251693725,1.589653859315005,2.0021489067731277,0.8675447599288932,4.071962233006665,3.204417471885681,1.076139352477395,1.380338910444019,0.1464954213105525,4.071962233006665,4.218457652727763,1.0748713053089973,1.3712133600793301,0.1302870285315203,4.071962233006665,4.202249263127645
63,64,1.7544991932454082,2.156185639762711,0.7409244533575685,4.071962233006665,3.331037786801656,1.487202116169604,1.8700295484075602,0.5218657310999544,4.071962233006665,3.5500964951515197,2.064886330047604,2.5633990518257397,0.6971700402296697,4.071962233006665,3.3747921895980837,1.1338766713745985,1.4477426258855126,0.3896110403733566,4.071962233006665,3.6823512013753255,1.3761721492765615,1.7752793288835296,0.4666261470513655,4.071962233006665,3.6053360891342163,1.8562481245593188,2.3092294567065905,0.8034325397210433,4.071962233006665,3.2685296964645385,1.7390058688565724,2.200750743725636,0.7517497881449375,4.071962233006665,3.3202124357223513,1.0856232759712634,1.384502692989508,0.1562023047801966,4.071962233006665,3.915759938557943,1.0472527609529894,1.35160753086351,0.022849409202447823,4.071962233006665,4.0491128206253055
64,65,1.6462029239415643,2.1107215460078255,0.08005007626584293,4.071962233006665,3.9919121630986534,1.5137491380226125,1.9184924840461202,0.4321023996866855,4.071962233006665,3.6398598289489748,2.114082518168403,2.586645221093301,0.2642875484821312,4.071962233006665,3.8076746916770934,1.2078456824992705,1.5515298847096792,0.47848481418660427,4.071962233006665,3.593477404912313,1.2778964240394117,1.6557945894545083,0.45910961749127654,4.071962233006665,3.6128526226679485,1.9033215145836386,2.3851229304999784,0.4497874804533635,4.071962233006665,3.6221747612953186,1.6210189107377666,2.1764161861498734,0.2215274368919049,4.071962233006665,3.8504347952206928,1.0886810564384295,1.3988261033793212,0.10177124700914941,4.071962233006665,3.970190987586975,1.052192353497839,1.3302539417176398,0.1038898003297164,4.071962233006665,3.9680724239349363
65,66,1.706772483391259,2.188893822410232,0.5250497022963674,4.071962233006665,3.546912522315979,1.468422464723948,1.8053034729564394,0.36981397392323734,4.071962233006665,3.702148240407308,1.9602573165514567,2.495655250982387,0.6917601267692559,4.071962233006665,3.3802021026611326,1.1497397056711334,1.482631186353305,0.29008646966984974,4.071962233006665,3.7818757645289103,1.335787383237451,1.6685409123991757,0.30388804596633845,4.071962233006665,3.768074204126994,1.924797844342333,2.403118120978645,0.7929716245529166,4.071962233006665,3.278990612030029,1.6460886219226754,2.183044281945141,0.6756474745469405,4.071962233006665,3.3963147711753847,1.077462337362267,1.3777866196007178,0.07373638190854503,4.071962233006665,4.14569864432017,1.0516642651763224,1.3534358899981078,0.01826173581708357,4.071962233006665,4.0902239672342935
66,67,1.6376913329501015,2.0581000660320896,0.2449554040230426,4.071962233006665,3.8270068351427713,1.4954821867466597,1.8964774455431834,0.4121247383154545,4.071962233006665,3.6598374899228414,2.0954859796087195,2.6431157082068193,0.7222661415931695,4.071962233006665,3.349696082274119,1.1511183932806492,1.4797672651874878,0.3480464041428877,4.071962233006665,3.7239158455530803,1.4559852557772444,1.765601432459621,0.33362135452003416,4.071962233006665,3.7383408800760907,2.122365318900635,2.673925215170099,0.5658484014071141,4.071962233006665,3.506113820870717,1.5387187526012398,2.0415711623414046,0.37701325458259527,4.071962233006665,3.694948980808258,1.0817602735019785,1.382107731691356,0.02780882634747872,4.071962233006665,4.099771049817403,1.0246060482052948,1.339308772360633,0.05431875822970156,4.071962233006665,4.1262809896469115
67,68,1.8193502615549528,2.403993327487077,0.5531192410188033,4.071962233006665,3.5188429991404218,1.410237497547272,1.7552321702718867,0.2805022800164534,4.071962233006665,3.791459938685099,2.0168283968822824,2.47241216515547,0.6459448981480911,4.071962233006665,3.426017340024312,1.2156165664430822,1.5234041586573095,0.4274133118189485,4.071962233006665,3.644548929532369,1.4824951895620533,1.8030902618286317,0.6650768053727463,4.071962233006665,3.406885418891907,2.0386013861616736,2.5304002744898515,0.9603299623923611,4.071962233006665,3.11163228114446,1.9066355002443522,2.3282153834956922,1.041032794336191,4.071962233006665,3.0309294350941975,1.0990667757819457,1.407781437004507,0.11507981739412854,4.071962233006665,3.9568824275334675,1.033883823487647,1.3368927363149197,0.19736675542564308,4.071962233006665,3.8745954926808674
68,69,1.8013506597244069,2.375246848170937,0.4030211080558215,4.071962233006665,3.66894113222758,1.5045815327651115,1.8900861780138616,0.47878216069908053,4.071962233006665,3.593180065949758,2.1181014363706576,2.6575380875013193,0.9618268610236163,4.071962233006665,3.110135367711385,1.2402501081445685,1.5375109805074303,0.42770882350177697,4.071962233006665,3.644253403345744,1.406068288947901,1.789605455574425,0.4673420594331734,4.071962233006665,3.6046201769510904,2.0372355975223093,2.460396528432224,0.6317734204925212,4.071962233006665,3.4401887996991474,1.9108794261111886,2.489750095375319,0.5017762494283033,4.071962233006665,3.5701860046386718,1.0849715238216386,1.3885928270884818,0.003969340343982886,4.071962233006665,4.067992871602376,1.0561386246736386,1.350669832679115,0.02792978010546321,4.071962233006665,4.0440324703852335
69,70,1.733620558029201,2.2744294404348415,0.34487771314353877,4.071962233006665,3.7270845103263857,1.388359904468268,1.7329443527893083,0.25864457311204214,4.071962233006665,3.8133176787694296,1.8885008792224567,2.3393596177813643,0.5162916533348074,4.071962233006665,3.555670576095581,1.193548572793408,1.5038466795832504,0.36069937449665,4.071962233006665,3.711262844403585,1.423237343342458,1.8129444393880372,0.2820362468756352,4.071962233006665,3.789925988515218,1.8668314998705258,2.280859252468226,0.47575470871698,4.071962233006665,3.596207525730133,1.8478241445538655,2.3505839994576965,0.7939434924917532,4.071962233006665,3.278018738428752,1.0800936434264998,1.3863892375382336,0.1342935057676944,4.071962233006665,3.93766872882843,1.0277959776258028,1.321957119207248,0.10059369049440958,4.071962233006665,3.9713685353597006
70,71,1.7177661277616343,2.1854960433837984,0.4345980843104038,4.071962233006665,3.637364155451457,1.4497961641240578,1.834581585336443,0.4214365470605208,4.071962233006665,3.650525681177775,2.111883101421206,2.66866839241041,0.8968769844568882,4.071962233006665,3.1750852433840433,1.2061851139786297,1.500131803801452,0.279854571044158,4.071962233006665,3.7921076504389446,1.393588611698229,1.7649476737847323,0.10764479718576991,4.071962233006665,3.964317428270976,1.8727496020699588,2.3428723169316257,0.20548757396112993,4.071962233006665,3.8664746737480162,1.7226897580681202,2.228754969296797,0.12999851860631395,4.071962233006665,4.201960741678874,1.0886377621042032,1.3896887977480514,0.0244988290664665,4.071962233006665,4.047463396390279,1.0337258090792534,1.335397696268024,0.02863126474647615,4.071962233006665,4.100593484242757
71,72,1.784076778352867,2.3319988812657697,0.21375704167315224,4.071962233006665,4.285719273090362,1.4707582443688598,1.8579944086909796,0.49612045727144816,4.071962233006665,3.5758417805035907,2.129204517459317,2.6406141579991544,1.018756477057647,4.071962233006665,3.0532057603200276,1.190257709613842,1.5174569452259368,0.43278081458778317,4.071962233006665,3.6391814088821413,1.4941700698211449,1.8866403191008927,0.6157862627702069,4.071962233006665,3.456175959904989,2.2509895817711687,2.7191357084802634,1.272667927761586,4.071962233006665,2.799294311205546,1.8597190722300718,2.448098189790611,1.0548611502048484,4.071962233006665,3.0171010891596475,1.1019763693666413,1.4236504406390058,0.2856348069313057,4.071962233006665,4.35759703318278,1.0277498281667665,1.3284535014312886,0.09151662868232657,4.071962233006665,3.9804455995559693
72,73,1.648005356925422,2.097711659540078,0.12233773309021068,4.071962233006665,4.194299951394399,1.5318630695271416,1.9558730881472064,0.40536142748565585,4.071962233006665,3.6666007947921755,2.171754147101115,2.7080175922668217,0.8178531150218955,4.071962233006665,3.2541091203689576,1.1905268956915611,1.5051312709128901,0.4178358543114973,4.071962233006665,3.6541263739267986,1.4209506664599272,1.836139884495466,0.43401299518318126,4.071962233006665,3.6379492394129436,2.111176509842281,2.633023182873035,0.6930985963540386,4.071962233006665,3.378863643805186,2.0392124307355757,2.5423965486766704,1.3272300986644736,4.071962233006665,2.744732135136922,1.0630082591782708,1.3793031741601354,0.015204022308477505,4.071962233006665,4.087166248957316,1.0335462971665899,1.3312798637060048,0.0650881739261635,4.071962233006665,4.137050393422444
73,74,1.542505612630723,1.9890962537441041,0.5676127779679607,4.071962233006665,3.504349459807078,1.5618874380403902,1.9186860092342015,0.6166372664965305,4.071962233006665,3.455324970881144,2.1466174058689234,2.744611359691997,0.7723843205170944,4.071962233006665,3.2995779140790304,1.1798332798368987,1.5029886594409803,0.2809719530937187,4.071962233006665,3.790990282694499,1.4845727135321314,1.9016174805465833,0.5087487077908825,4.071962233006665,3.5632135327657064,2.0817194230981255,2.5759383795394535,0.5522355322238917,4.071962233006665,3.5197267007827757,1.6510958501439466,2.092105894375642,0.6914655594226828,4.071962233006665,3.3804966767628986,1.0847745203902353,1.3952657709288545,0.08653219260800782,4.071962233006665,4.158494421641032,1.0674152428236419,1.3592736962936474,0.037410793721389446,4.071962233006665,4.034551431337992
74,75,1.717961720282567,2.190493468829813,0.4208588107622777,4.071962233006665,3.651103415489197,1.4682826189313227,1.8661244904755252,0.41850995860468476,4.071962233006665,3.6534522740046182,1.8753876887787222,2.3008799130668716,0.4944310989178331,4.071962233006665,3.5775311438242596,1.1546413639141733,1.4574726287114999,0.1281862958468114,4.071962233006665,3.943775938351949,1.3984993857060068,1.8104293642623137,0.10240421138178446,4.071962233006665,3.9695580275853475,1.9824891460174898,2.4562024632100234,0.6320379074610387,4.071962233006665,3.4399243354797364,1.8086693543178156,2.3412346558051658,0.3593216077682486,4.071962233006665,3.7126406264305114,1.0820400235431225,1.4066300694968732,0.04687229833971607,4.071962233006665,4.025089939435323,1.039392024523207,1.3344281327188539,0.0778130201302849,4.071962233006665,4.149775261878967
75,76,1.7737819755212187,2.3177334119633612,0.10611209480187433,4.071962233006665,3.9658501386642455,1.479165350514538,1.936840144154546,0.5700799501138043,4.071962233006665,3.5018822733561197,2.138622301983895,2.588938190997168,0.7099992108540847,4.071962233006665,3.3619630336761475,1.159876603330185,1.4741051564411072,0.2752201624907169,4.071962233006665,3.7967420705159505,1.3939677691420729,1.7591012091538807,0.5509642279343914,4.071962233006665,3.5209980154037477,2.00363695633012,2.411072005129384,0.85513027908376,4.071962233006665,3.2168319590886436,1.883958420966215,2.3877753471112504,0.9636892259316756,4.071962233006665,3.108273008664449,1.1008864369185805,1.402027597118842,0.20166262028643356,4.071962233006665,4.273624858856201,1.0429689700280182,1.3264252594315475,0.07809024216702687,4.071962233006665,3.9938719908396405
76,77,1.649269744522722,2.103980778185349,0.1999287251827231,4.071962233006665,3.8720335165659585,1.5017083369732132,1.8539799038666163,0.602150326192092,4.071962233006665,3.469811905225118,1.872393176317986,2.4180520304326723,0.8802340918975187,4.071962233006665,3.1917281512419384,1.2068461333953104,1.5443134369604927,0.4497734801170341,4.071962233006665,3.622188760439555,1.4570847278682981,1.789237509384155,0.5989590533770235,4.071962233006665,3.473003189563751,1.8281417072372377,2.285915822912071,1.0721688491301848,4.071962233006665,2.999793383280436,1.542079405329864,1.8853444006496074,0.2743064367966963,4.071962233006665,3.797655778725942,1.0988080207921647,1.416242554804125,0.09489677947730968,4.071962233006665,3.9770654424031577,1.0305203773043334,1.3261422444727997,0.07206509592107047,4.071962233006665,3.9998971207936607
77,78,1.507196608417953,1.9635709748117969,0.19471901100845246,4.071962233006665,3.877243222395579,1.356198199363577,1.6454248641515135,0.30623884044062244,4.071962233006665,3.7657233913739523,2.293464401423596,2.790085134182204,0.24988968488545327,4.071962233006665,3.8220725520451864,1.1196793614954148,1.4264842390031438,0.3974038819667811,4.071962233006665,3.6745583534240724,1.5947535281798864,1.9509520989163716,0.6870439060724887,4.071962233006665,3.3849183257420856,2.1372548615422464,2.676084782688162,1.0233845055299118,4.071962233006665,3.0485777242978416,1.5976859523754539,2.1225692137297063,0.42630501133174814,4.071962233006665,3.6456572238604226,1.0928508586349786,1.3810728975222302,0.04204081573117602,4.071962233006665,4.114003016153972,1.0348475239905046,1.3196253631133308,0.09977254432411131,4.071962233006665,3.9721896839141846
78,79,1.8175302604583639,2.354674574003189,0.5031003022389724,4.071962233006665,3.5688619470596312,1.4171156141648529,1.7411341319289615,0.4326408318874351,4.071962233006665,3.6393213987350466,2.2477139413979867,2.727253488815685,0.48643695356419814,4.071962233006665,3.585525271097819,1.2438692842188341,1.5887929191465615,0.6192570408381135,4.071962233006665,3.452705190976461,1.473730251011524,1.8354026435240955,0.7351763363875063,4.071962233006665,3.3367859021822612,1.995501622036251,2.5040864129146976,1.0717613965468717,4.071962233006665,3.0002008438110352,2.0797076269448045,2.560091005219188,1.5607600345906727,4.071962233006665,2.5112022010485333,1.0669341774421226,1.3710491570457384,0.1944769807460789,4.071962233006665,4.266439210573832,1.009946321228091,1.3110051555832705,0.03665758174629108,4.071962233006665,4.035304657618204
79,80,1.7123390840789399,2.2809584879768026,0.0865282696289702,4.071962233006665,4.158490502039592,1.43400547282528,1.8120726476517306,0.44469664853782565,4.071962233006665,3.6272655820846555,2.022386938822322,2.691345123969972,0.5082809436517071,4.071962233006665,3.563681287765503,1.1805006294092604,1.5261183021768858,0.45269615532925833,4.071962233006665,3.6192660840352375,1.5508016617984406,1.9702817853800063,0.8330888760285688,4.071962233006665,3.23887336730957,1.9406418453511696,2.3885119729193884,1.0016971471108111,4.071962233006665,3.0702650864919026,2.0444665963631494,2.5454919188986636,1.5029056974447879,4.071962233006665,2.56905654668808,1.0652563125265786,1.3768846356934403,0.0021085591915142032,4.071962233006665,4.0740708049138386,1.0424783943550968,1.3397046313704941,0.21619416914354872,4.071962233006665,3.855768070220947
80,81,1.6843187710381857,2.1864024256267642,0.6604084404505404,4.071962233006665,3.4115537826220192,1.421652157514148,1.778805891492867,0.4933096114990225,4.071962233006665,3.5786526266733807,1.9646862406170404,2.4353517634026858,0.6635036357439668,4.071962233006665,3.408458592891693,1.2028555027842533,1.533321755304656,0.3666604880687707,4.071962233006665,3.7053017520904543,1.3652993433463925,1.778466580051937,0.5055257729885092,4.071962233006665,3.566436465581258,1.833901722066045,2.3603060146504076,0.8250974329508458,4.071962233006665,3.2468647956848145,1.7944193929427574,2.1900155454838934,0.7587129616933179,4.071962233006665,3.3132492701212564,1.1171215363653302,1.432068228457,0.17174397387135887,4.071962233006665,4.2437062120437625,1.077657596962147,1.3734120160256706,0.11583365164171777,4.071962233006665,3.956128568649292
81,82,1.6246039011827993,2.0727578285506247,0.33435718021761485,4.071962233006665,3.7376050408681234,1.4772679180884405,1.8613602200360757,0.4180923708475741,4.071962233006665,3.653869853814443,2.1770905754574903,2.73144795746956,0.9480367307064048,4.071962233006665,3.1239255023002626,1.1574580861392845,1.4830645565641,0.39539167724024393,4.071962233006665,3.6765705426534017,1.4063797238927689,1.7931102847470894,0.636672707418314,4.071962233006665,3.4352895339330036,2.371826740011029,2.9398549410802035,1.4378471321063353,4.071962233006665,2.6341150991121927,1.9757544487346566,2.437189534101503,0.9473057524559012,4.071962233006665,3.1246564753850303,1.1005135793672454,1.4057045255295495,0.18580132919578585,4.071962233006665,4.257763554255168,1.0286580051670284,1.3268036436252881,0.044096859276581135,4.071962233006665,4.116059088706971
82,83,1.7427262167539994,2.22713462538586,0.5607613897519421,4.071962233006665,3.511200850009918,1.5141195021093259,1.8886333874080745,0.6753002544439943,4.071962233006665,3.396661982536316,2.1191405438033266,2.619260674478857,1.20176061433525,4.071962233006665,2.87020161708196,1.2094123335302303,1.5062619556577395,0.27301214259834206,4.071962233006665,3.7989500919977823,1.4564467725874606,1.8178186318509937,0.21446136953404693,4.071962233006665,3.857500867843628,1.9194169806588592,2.4774519966601836,0.535845678815952,4.071962233006665,3.5361165658632916,2.3615632640605755,2.7999393436598132,1.9029444035090122,4.071962233006665,2.1690178322792053,1.078177216357409,1.3836757982869918,0.0824612406693781,4.071962233006665,4.154423472086589,1.05040608788618,1.345720322846149,0.11910647592913248,4.071962233006665,3.9528557443618775
83,84,1.6193945902076707,2.1179257221418606,0.5563691469229375,4.071962233006665,3.5155930948257446,1.4849231488153112,1.8987039451006262,0.5047971149481447,4.071962233006665,3.567165116469065,1.8644643261721978,2.4170401969723856,0.5474209493594482,4.071962233006665,3.524541277885437,1.174525110922609,1.5053665776118825,0.34917811832796675,4.071962233006665,3.7227841170628864,1.4043634692524016,1.8198649120064574,0.4187435114579512,4.071962233006665,3.6532187128067015,1.9774418088465844,2.499781690685445,0.8384741691944115,4.071962233006665,3.233488059838613,2.014527390010208,2.531403362262557,1.3090874680079136,4.071962233006665,2.7628747693697613,1.0630933085222751,1.3586495432060144,0.13897973340721048,4.071962233006665,3.9329825099309286,1.0399274501295641,1.3491008118875092,0.04900009669888927,4.071962233006665,4.120962335268657
84,85,1.6020560616962118,2.2554146843030765,0.2183080764807377,4.071962233006665,3.853654158115387,1.405207238298741,1.803395863015548,0.41989130737355485,4.071962233006665,3.65207093000412,2.021617262145587,2.532056142487927,0.5715855312543225,4.071962233006665,3.5003766894340513,1.170668217289259,1.4764916814167783,0.39060627502174317,4.071962233006665,3.6813559516270957,1.3313644923347066,1.7148501581563198,0.4418946469025924,4.071962233006665,3.6300675789515178,1.8557785908623938,2.3255516724588188,0.6198793947892498,4.071962233006665,3.4520828326543174,1.6600571239890751,2.1298316769297325,0.2331130325990034,4.071962233006665,3.838849201997121,1.0451656130112739,1.3627796636580816,0.027240291456094745,4.071962233006665,4.0447219355901085,1.0741358967597903,1.3568840245962923,0.09908774811058141,4.071962233006665,4.171050000190735
85,86,1.6687695575197494,2.2104605419008294,0.43441837312749154,4.071962233006665,3.63754385471344,1.5041529732412995,1.88649927930559,0.3669319315947206,4.071962233006665,3.7050302998224893,2.10419009165082,2.6904758012325876,0.7878995323376965,4.071962233006665,3.2840627153714497,1.1664754106223723,1.4936587093084177,0.41770155908635376,4.071962233006665,3.6542606846491497,1.4727866779086025,1.8964902424238939,0.5083612553474417,4.071962233006665,3.563600975672404,2.0825376182276787,2.660832394987859,0.6397651394404087,4.071962233006665,3.4321970891952516,1.8266503452437042,2.3168085211858753,0.921944780369313,4.071962233006665,3.1500174601872764,1.136682925862982,1.466538536430517,0.3952345955176044,4.071962233006665,4.467196844418844,1.0310908232473381,1.336403364191924,0.04665813563296073,4.071962233006665,4.118620386123657
86,87,1.7469297318887962,2.2486447808131618,0.18336539012164987,4.071962233006665,3.888596830368042,1.447710304284251,1.8531308381294942,0.423857789059193,4.071962233006665,3.64810443798701,2.069238295458348,2.6046534782917656,0.6768206823067975,4.071962233006665,3.395141548315684,1.2853104380275677,1.6062187191489952,0.7214834519423161,4.071962233006665,3.3504787810643513,1.5270087931656315,1.9347685501927978,0.8259428902662904,4.071962233006665,3.246019356250763,2.1656696854703843,2.740243679158355,0.8957553965049101,4.071962233006665,3.176206841468811,2.1997870747472046,2.6109001585577767,1.7121708071427655,4.071962233006665,2.3597914322217304,1.0747009728436825,1.3793875055861966,0.1433650823238377,4.071962233006665,4.2153273137410485,1.0215702757040666,1.3062032695291388,0.014982131739170512,4.071962233006665,4.056980101267497
87,88,1.715770082558455,2.2061498296427406,0.09573348007570814,4.071962233006665,3.9762287457784016,1.4703869795581328,1.8773633479333505,0.619837417224756,4.071962233006665,3.452124826113383,1.9180634406798314,2.405900484962571,0.8532503533559157,4.071962233006665,3.218711880048116,1.2262668701140487,1.5448123249030807,0.5085905170636487,4.071962233006665,3.563371713956197,1.462415306880457,1.9132501273785407,0.3513713904417668,4.071962233006665,3.720590840180715,1.9056767754813244,2.3130728586821756,0.6051815815962467,4.071962233006665,3.4667806514104207,1.5234805202690216,1.9657939201932066,0.2657617016829166,4.071962233006665,3.806200540860494,1.0592827376235499,1.3817492024050533,0.1450138779677066,4.071962233006665,3.926948382059733,1.050486913364114,1.3583433118989041,0.0621018175479886,4.071962233006665,4.009860412279765
88,89,1.5629329169221453,2.0912344331157726,0.06629239183635605,4.071962233006665,4.005669836997986,1.4154763283838963,1.8464623570115148,0.4238601112561535,4.071962233006665,3.648102124532064,1.9343204997418297,2.361389585836516,0.7923853858507783,4.071962233006665,3.2795768626530966,1.177891726776338,1.508423329172599,0.24145244878501826,4.071962233006665,3.8305097881952923,1.484712818701933,1.8802817479050076,0.3885929652250919,4.071962233006665,3.6833692622184753,2.043495402832402,2.515045474988123,0.9041640738842003,4.071962233006665,3.16779815196991,2.0187742799582904,2.408096182324604,1.2005249822335555,4.071962233006665,2.8714372380574544,1.0959972007325265,1.3794383019986673,0.1538087796969103,4.071962233006665,4.225771015485128,1.0347590956955721,1.3365397283519658,0.06083939395319593,4.071962233006665,4.011122846603394
89,90,1.587376528451194,2.12778426478537,0.29206757289142526,4.071962233006665,3.7798946491877237,1.5049917103918597,1.9196565759397184,0.35955556394627797,4.071962233006665,3.7124066662788393,1.9852126850117877,2.4363257125010653,0.9298164129453017,4.071962233006665,3.142145814100901,1.1626221015851217,1.4977064954263044,0.43026267649701344,4.071962233006665,3.641699557304382,1.4263981163804804,1.804193853688443,0.4630619637367239,4.071962233006665,3.60890026251475,1.8893641536102006,2.439353614691214,0.5413056500948579,4.071962233006665,3.5306565793355307,1.7046013634353518,2.21661322995107,0.6823496559954796,4.071962233006665,3.3896125864982607,1.067688203242343,1.3632676828795676,0.0656933001481379,4.071962233006665,4.137655528386434,1.0123732603623978,1.3151132862530084,0.02281661707191507,4.071962233006665,4.094778860410054
90,91,1.5529217280600427,2.085459963451188,0.5854083228307081,4.071962233006665,3.4865539105733236,1.5221170718795003,1.9213616228709118,0.5086595026847833,4.071962233006665,3.563302732308706,2.007519074727736,2.65035856142448,0.7835214913087203,4.071962233006665,3.288440741697947,1.2185255258650436,1.5285536522671204,0.36684484602978973,4.071962233006665,3.7051173941294353,1.6925132160675083,2.0638837310155487,0.6448496937947583,4.071962233006665,3.4271125555038453,2.0113469435686118,2.5014569359280023,0.7434021280405037,4.071962233006665,3.328560098807017,1.7578116347776587,2.224218023198635,0.6289959693150831,4.071962233006665,3.442966276804606,1.0972283155828377,1.4119072959579027,0.2651682508187605,4.071962233006665,3.806793982187907,1.048643832701862,1.3421242739045436,0.14164986250826583,4.071962233006665,4.213612111409505
91,92,1.7886708430171412,2.326843059752293,0.23506898603808013,4.071962233006665,3.8368932485580443,1.4127887640648107,1.807329708639302,0.45486358445854114,4.071962233006665,3.6170986469586692,2.04511036798484,2.4793613506384755,0.6112719818152104,4.071962233006665,3.4606902519861857,1.2522169029700874,1.5716279569253662,0.5535114201105746,4.071962233006665,3.5184508228302,1.4986340919613712,1.8895216011759344,0.6605274836418147,4.071962233006665,3.411434744199117,2.1678750011476375,2.713579435307937,0.8220659688310934,4.071962233006665,3.2498962593078615,1.6092507827672038,2.051544397488936,0.8416136473613096,4.071962233006665,3.2303485830624896,1.070974312133955,1.3738780741103296,0.005374357322565082,4.071962233006665,4.066587883631389,1.042140175741148,1.340887038026763,0.16444347343813526,4.071962233006665,3.9075187635421753
92,93,1.6888030362361603,2.1657790601445903,0.26217368962338705,4.071962233006665,3.8097885354359944,1.3633572368858105,1.7032583702760968,0.4070460208452853,4.071962233006665,3.6649162085851033,2.010247087414865,2.6154572692301534,0.8844616158999119,4.071962233006665,3.1875006182988486,1.2020212390514553,1.5387820112780808,0.43270354908676056,4.071962233006665,3.6392586835225424,1.3909834214934391,1.782040942167218,0.6377767189539583,4.071962233006665,3.4341855088869733,1.9239624809011082,2.426840127000451,0.46513390523166587,4.071962233006665,3.6068283240000407,1.8820227165530483,2.276043981201434,1.4468304717736555,4.071962233006665,2.6251317660013833,1.0700101837187135,1.3718822453503972,0.08444977960955224,4.071962233006665,3.9875124581654866,1.0314505657958617,1.3421083379859824,0.1800991730091086,4.071962233006665,3.8918630599975588
93,94,1.7366231528551044,2.257538012037148,0.3196678416130059,4.071962233006665,3.7522943886121114,1.5227259951254977,1.9379829869442449,0.5919391958114617,4.071962233006665,3.4800230248769126,2.0887174347500737,2.6179369661967407,0.7898059708075835,4.071962233006665,3.2821562552452086,1.2243434359851055,1.5840680233890252,0.5378310076591486,4.071962233006665,3.5341312233606974,1.4992472423426546,1.81955784414797,0.4305579137997939,4.071962233006665,3.6414043362935384,2.1927336807338893,2.725863994811689,0.4899165773587537,4.071962233006665,3.582045656045278,1.8824841206180667,2.354584089915031,0.9722449279027296,4.071962233006665,3.099717306296031,1.0725113064226206,1.3681635079147458,0.0748569317854555,4.071962233006665,3.997105294863383,1.0621717942639861,1.3715642690901715,0.08288721321055181,4.071962233006665,4.154849441846212
94,95,1.6723339856400117,2.252200354352282,0.07010216158599825,4.071962233006665,4.001860069433848,1.4366447542069225,1.797408112694566,0.6126569104390454,4.071962233006665,3.459305319786072,2.077620903589478,2.5584306924808007,0.6406795700586949,4.071962233006665,3.43128266175588,1.1502454976261054,1.4810508360609556,0.4182113305923454,4.071962233006665,3.653750907580058,1.5009690729817182,1.8729532084976601,0.5333014003631584,4.071962233006665,3.5386608409881593,2.0558541163068766,2.572364382728909,0.6285624196327837,4.071962233006665,3.4433998250961304,1.9242124264297225,2.3582723181713092,1.1382745953596745,4.071962233006665,2.933687623341878,1.0449190700128512,1.3562783533503957,0.09686907170244918,4.071962233006665,4.168831299146016,1.0318006312109669,1.327583182822332,0.07985322751630175,4.071962233006665,4.151815474828084
95,96,1.5688876776571685,2.079742417552053,0.2650650640524539,4.071962233006665,3.8068971665700277,1.4327735997717916,1.8634112716191442,0.4033638080156954,4.071962233006665,3.6685984285672504,1.9688789434171607,2.5438225875820417,0.5627606964307144,4.071962233006665,3.509201530615489,1.1492233928641993,1.4960470101871122,0.27603156528841577,4.071962233006665,3.7959306637446084,1.3352136525979306,1.724526183397977,0.2084234444496147,4.071962233006665,3.8635387992858887,1.9249404920761488,2.4111512765378627,0.6681905691024772,4.071962233006665,3.403771662712097,1.6076108594398988,2.0330135103307807,0.27929501018892866,4.071962233006665,3.792667224009832,1.0744664302999987,1.3896009656214687,0.023457759201813033,4.071962233006665,4.0954199918111165,1.0302087874534138,1.326389793885335,0.029590561012140526,4.071962233006665,4.04237167040507
96,97,1.6487948834013828,2.138373616528339,0.2681766702927266,4.071962233006665,3.8037855569521586,1.5230537867958123,1.9167574285056261,0.40396148961753786,4.071962233006665,3.6680007473627727,2.1685776362877376,2.628498920912645,1.1571746500528963,4.071962233006665,2.914787596066793,1.1927759420656154,1.5117988316428987,0.4123482120232893,4.071962233006665,3.659614005088806,1.4825185002175962,1.8368911032999713,0.2949687012232456,4.071962233006665,3.776993534564972,1.9807534380435285,2.3915012784456913,0.5256799795426041,4.071962233006665,3.5462822484970093,1.7363864635431256,2.3295091618032364,0.5127598273949934,4.071962233006665,3.559202389717102,1.0599501650620209,1.3604794177588113,0.10647826709378627,4.071962233006665,4.178440480232239,1.0407567427697408,1.339202601000693,0.12411484001108875,4.071962233006665,4.196077079772949
97,98,1.564947397131217,2.059165853663393,0.028197917719968935,4.071962233006665,4.100160159269969,1.5278207444354794,1.888065512662254,0.6072886634068801,4.071962233006665,3.464673558076223,2.0602603403198168,2.6464286047097914,0.46143974082639927,4.071962233006665,3.610522490342458,1.158310837983438,1.4986814270211564,0.36109679939320793,4.071962233006665,3.7108654419581097,1.4425462689473239,1.88081174056097,0.5710343349175764,4.071962233006665,3.5009279012680055,2.0061970171170205,2.5626287021059544,0.8273297585246078,4.071962233006665,3.244632465044657,1.9912902673404582,2.4110988414554537,1.524024127741368,4.071962233006665,2.547938099702199,1.1107341362988061,1.4171012145948993,0.10201835515073077,4.071962233006665,3.96994388739268,1.0194434324030826,1.302263113747438,0.02000254191983597,4.071962233006665,4.091964769363403
98,99,1.6248170974742902,2.1557045170776337,0.16886566193869834,4.071962233006665,3.9030965852737425,1.3504309091160123,1.6976042992572034,0.40660611671180646,4.071962233006665,3.6653561210632324,2.040726353910611,2.536240783712721,0.7298245930867506,4.071962233006665,3.34213764667511,1.134937149672593,1.4294504239306387,0.33496320130399004,4.071962233006665,3.736999036471049,1.4569863009794135,1.8384940769122273,0.4613297375239047,4.071962233006665,3.6106324863433836,2.1984668069063944,2.7688258762599314,1.0623523605065657,4.071962233006665,3.009609878063202,1.815398328832561,2.3211905221626936,1.0165943956570938,4.071962233006665,3.0553678345680235,1.085190942017278,1.3785654716113203,0.08778702813415595,4.071962233006665,4.159749269485474,1.0437982324514534,1.3541041382858832,0.05810351572405459,4.071962233006665,4.013858710924785
99,100,1.6025178572704724,2.1674891940402863,0.03917479672063262,4.071962233006665,4.111137020587921,1.3765717841690908,1.7526345235241119,0.5095179101027165,4.071962233006665,3.56244432926178,1.9259056993091674,2.4252449872328454,0.7049387924072259,4.071962233006665,3.36702343304952,1.157882037321624,1.4993147524782824,0.4404058253960921,4.071962233006665,3.6315564123789468,1.4133294566978303,1.7405712995469411,0.5179642737107586,4.071962233006665,3.5539979457855226,2.0681154858490984,2.6033560689411708,1.0702219816244756,4.071962233006665,3.001740251382192,1.8145340119427347,2.199485583506125,1.2686603894032151,4.071962233006665,2.8033018493652344,1.1271425560307364,1.446075961223017,0.12795145553321774,4.071962233006665,3.944010790189107,1.042119035309134,1.377637872428747,0.1822018893755586,4.071962233006665,3.889760346412659
